"SourcePage","IssueType","TargetURL","Details"
"about.html","BROKEN_LINK","MATCHA_MAYA_Content_Architecture.pdf","Target HTML file does not exist in workspace."
"about.html","BROKEN_LINK","Matcha_Maya_All_220_Articles.pdf","Target HTML file does not exist in workspace."
"about.html","DUPLICATE_INTERNAL_LINK","index.html","Target linked 4 times on this page."
"about.html","DUPLICATE_INTERNAL_LINK","index2.html","Target linked 3 times on this page."
"about.html","DUPLICATE_INTERNAL_LINK","comparison.html","Target linked 2 times on this page."
"about.html","DUPLICATE_INTERNAL_LINK","about.html","Target linked 2 times on this page."
"about.html","DUPLICATE_INTERNAL_LINK","podcasts.html","Target linked 2 times on this page."
"abu-dhabi-comparison.html","DUPLICATE_INTERNAL_LINK","index.html","Target linked 4 times on this page."
"abu-dhabi-comparison.html","DUPLICATE_INTERNAL_LINK","index2.html","Target linked 2 times on this page."
"abu-dhabi-comparison.html","DUPLICATE_INTERNAL_LINK","comparison.html","Target linked 3 times on this page."
"abu-dhabi-comparison.html","DUPLICATE_INTERNAL_LINK","podcasts.html","Target linked 2 times on this page."
"abu-dhabi-coworking-guide.html","DUPLICATE_INTERNAL_LINK","about.html","Target linked 2 times on this page."
"abu-dhabi-coworking-guide.html","DUPLICATE_INTERNAL_LINK","index2.html","Target linked 6 times on this page."
"abu-dhabi-coworking-guide.html","DUPLICATE_INTERNAL_LINK","comparison.html","Target linked 4 times on this page."
"abu-dhabi-coworking-guide.html","DUPLICATE_INTERNAL_LINK","index.html","Target linked 5 times on this page."
"abu-dhabi-podcast-proposal.html","BROKEN_LINK","regions/middle-east.html","Target HTML file does not exist in workspace."
"abu-dhabi-podcast-proposal.html","DUPLICATE_INTERNAL_LINK","about.html","Target linked 2 times on this page."
"abu-dhabi-podcast-proposal.html","DUPLICATE_INTERNAL_LINK","podcasts.html","Target linked 2 times on this page."
"abu-dhabi-podcast-proposal.html","DUPLICATE_INTERNAL_LINK","index.html","Target linked 2 times on this page."
"accra-comparison.html","DUPLICATE_INTERNAL_LINK","index.html","Target linked 4 times on this page."
"accra-comparison.html","DUPLICATE_INTERNAL_LINK","index2.html","Target linked 2 times on this page."
"accra-comparison.html","DUPLICATE_INTERNAL_LINK","comparison.html","Target linked 3 times on this page."
"accra-comparison.html","DUPLICATE_INTERNAL_LINK","podcasts.html","Target linked 2 times on this page."
"accra-coworking-guide.html","DUPLICATE_INTERNAL_LINK","about.html","Target linked 2 times on this page."
"accra-coworking-guide.html","DUPLICATE_INTERNAL_LINK","index2.html","Target linked 6 times on this page."
"accra-coworking-guide.html","DUPLICATE_INTERNAL_LINK","comparison.html","Target linked 4 times on this page."
"accra-coworking-guide.html","DUPLICATE_INTERNAL_LINK","index.html","Target linked 5 times on this page."
"accra-podcast-proposal.html","BROKEN_LINK","regions/africa.html","Target HTML file does not exist in workspace."
"accra-podcast-proposal.html","DUPLICATE_INTERNAL_LINK","about.html","Target linked 2 times on this page."
"accra-podcast-proposal.html","DUPLICATE_INTERNAL_LINK","index.html","Target linked 2 times on this page."
"accra-podcast-proposal.html","DUPLICATE_INTERNAL_LINK","podcasts.html","Target linked 2 times on this page."
"addis-ababa-comparison.html","DUPLICATE_INTERNAL_LINK","index.html","Target linked 4 times on this page."
"addis-ababa-comparison.html","DUPLICATE_INTERNAL_LINK","index2.html","Target linked 2 times on this page."
"addis-ababa-comparison.html","DUPLICATE_INTERNAL_LINK","comparison.html","Target linked 3 times on this page."
"addis-ababa-comparison.html","DUPLICATE_INTERNAL_LINK","podcasts.html","Target linked 2 times on this page."
"addis-ababa-coworking-guide.html","DUPLICATE_INTERNAL_LINK","about.html","Target linked 2 times on this page."
"addis-ababa-coworking-guide.html","DUPLICATE_INTERNAL_LINK","index2.html","Target linked 6 times on this page."
"addis-ababa-coworking-guide.html","DUPLICATE_INTERNAL_LINK","comparison.html","Target linked 4 times on this page."
"addis-ababa-coworking-guide.html","DUPLICATE_INTERNAL_LINK","index.html","Target linked 5 times on this page."
"addis-ababa-podcast-proposal.html","BROKEN_LINK","regions/africa.html","Target HTML file does not exist in workspace."
"addis-ababa-podcast-proposal.html","DUPLICATE_INTERNAL_LINK","about.html","Target linked 2 times on this page."
"addis-ababa-podcast-proposal.html","DUPLICATE_INTERNAL_LINK","index.html","Target linked 2 times on this page."
"addis-ababa-podcast-proposal.html","DUPLICATE_INTERNAL_LINK","podcasts.html","Target linked 2 times on this page."
"al-ula-podcast-proposal.html","BROKEN_LINK","regions/middle-east.html","Target HTML file does not exist in workspace."
"al-ula-podcast-proposal.html","DUPLICATE_INTERNAL_LINK","about.html","Target linked 2 times on this page."
"al-ula-podcast-proposal.html","DUPLICATE_INTERNAL_LINK","podcasts.html","Target linked 2 times on this page."
"al-ula-podcast-proposal.html","DUPLICATE_INTERNAL_LINK","index.html","Target linked 2 times on this page."
"albuquerque-comparison.html","DUPLICATE_INTERNAL_LINK","index.html","Target linked 4 times on this page."
"albuquerque-comparison.html","DUPLICATE_INTERNAL_LINK","index2.html","Target linked 2 times on this page."
"albuquerque-comparison.html","DUPLICATE_INTERNAL_LINK","comparison.html","Target linked 3 times on this page."
"albuquerque-comparison.html","DUPLICATE_INTERNAL_LINK","podcasts.html","Target linked 2 times on this page."
"albuquerque-coworking-guide.html","DUPLICATE_INTERNAL_LINK","about.html","Target linked 2 times on this page."
"albuquerque-coworking-guide.html","DUPLICATE_INTERNAL_LINK","index2.html","Target linked 6 times on this page."
"albuquerque-coworking-guide.html","DUPLICATE_INTERNAL_LINK","comparison.html","Target linked 4 times on this page."
"albuquerque-coworking-guide.html","DUPLICATE_INTERNAL_LINK","index.html","Target linked 5 times on this page."
"albuquerque-podcast-proposal.html","DUPLICATE_INTERNAL_LINK","index.html","Target linked 5 times on this page."
"albuquerque-podcast-proposal.html","DUPLICATE_INTERNAL_LINK","index2.html","Target linked 2 times on this page."
"albuquerque-podcast-proposal.html","DUPLICATE_INTERNAL_LINK","comparison.html","Target linked 2 times on this page."
"albuquerque-podcast-proposal.html","DUPLICATE_INTERNAL_LINK","podcasts.html","Target linked 3 times on this page."
"albuquerque-podcast-proposal.html","DUPLICATE_INTERNAL_LINK","about.html","Target linked 2 times on this page."
"alexandria-comparison.html","DUPLICATE_INTERNAL_LINK","index.html","Target linked 4 times on this page."
"alexandria-comparison.html","DUPLICATE_INTERNAL_LINK","index2.html","Target linked 2 times on this page."
"alexandria-comparison.html","DUPLICATE_INTERNAL_LINK","comparison.html","Target linked 3 times on this page."
"alexandria-comparison.html","DUPLICATE_INTERNAL_LINK","podcasts.html","Target linked 2 times on this page."
"alexandria-coworking-guide.html","DUPLICATE_INTERNAL_LINK","about.html","Target linked 2 times on this page."
"alexandria-coworking-guide.html","DUPLICATE_INTERNAL_LINK","index2.html","Target linked 6 times on this page."
"alexandria-coworking-guide.html","DUPLICATE_INTERNAL_LINK","comparison.html","Target linked 4 times on this page."
"alexandria-coworking-guide.html","DUPLICATE_INTERNAL_LINK","index.html","Target linked 5 times on this page."
"alexandria-podcast-proposal.html","BROKEN_LINK","regions/africa.html","Target HTML file does not exist in workspace."
"alexandria-podcast-proposal.html","DUPLICATE_INTERNAL_LINK","about.html","Target linked 2 times on this page."
"alexandria-podcast-proposal.html","DUPLICATE_INTERNAL_LINK","index.html","Target linked 2 times on this page."
"alexandria-podcast-proposal.html","DUPLICATE_INTERNAL_LINK","podcasts.html","Target linked 2 times on this page."
"algiers-comparison.html","DUPLICATE_INTERNAL_LINK","index.html","Target linked 4 times on this page."
"algiers-comparison.html","DUPLICATE_INTERNAL_LINK","index2.html","Target linked 2 times on this page."
"algiers-comparison.html","DUPLICATE_INTERNAL_LINK","comparison.html","Target linked 3 times on this page."
"algiers-comparison.html","DUPLICATE_INTERNAL_LINK","podcasts.html","Target linked 2 times on this page."
"algiers-coworking-guide.html","DUPLICATE_INTERNAL_LINK","about.html","Target linked 2 times on this page."
"algiers-coworking-guide.html","DUPLICATE_INTERNAL_LINK","index2.html","Target linked 6 times on this page."
"algiers-coworking-guide.html","DUPLICATE_INTERNAL_LINK","comparison.html","Target linked 4 times on this page."
"algiers-coworking-guide.html","DUPLICATE_INTERNAL_LINK","index.html","Target linked 5 times on this page."
"algiers-podcast-proposal.html","BROKEN_LINK","regions/africa.html","Target HTML file does not exist in workspace."
"algiers-podcast-proposal.html","DUPLICATE_INTERNAL_LINK","about.html","Target linked 2 times on this page."
"algiers-podcast-proposal.html","DUPLICATE_INTERNAL_LINK","index.html","Target linked 2 times on this page."
"algiers-podcast-proposal.html","DUPLICATE_INTERNAL_LINK","podcasts.html","Target linked 2 times on this page."
"almaty-comparison.html","DUPLICATE_INTERNAL_LINK","index2.html","Target linked 2 times on this page."
"almaty-comparison.html","DUPLICATE_INTERNAL_LINK","index.html","Target linked 4 times on this page."
"almaty-comparison.html","DUPLICATE_INTERNAL_LINK","comparison.html","Target linked 3 times on this page."
"almaty-comparison.html","DUPLICATE_INTERNAL_LINK","podcasts.html","Target linked 2 times on this page."
"almaty-coworking-guide.html","DUPLICATE_INTERNAL_LINK","index2.html","Target linked 6 times on this page."
"almaty-coworking-guide.html","DUPLICATE_INTERNAL_LINK","bangkok-coworking-guide.html","Target linked 2 times on this page."
"almaty-coworking-guide.html","DUPLICATE_INTERNAL_LINK","index.html","Target linked 5 times on this page."
"almaty-coworking-guide.html","DUPLICATE_INTERNAL_LINK","comparison.html","Target linked 4 times on this page."
"almaty-coworking-guide.html","DUPLICATE_INTERNAL_LINK","about.html","Target linked 2 times on this page."
"almaty-podcast-proposal.html","BROKEN_LINK","regions/central-asia.html","Target HTML file does not exist in workspace."
"almaty-podcast-proposal.html","DUPLICATE_INTERNAL_LINK","about.html","Target linked 2 times on this page."
"almaty-podcast-proposal.html","DUPLICATE_INTERNAL_LINK","index.html","Target linked 2 times on this page."
"almaty-podcast-proposal.html","DUPLICATE_INTERNAL_LINK","podcasts.html","Target linked 2 times on this page."
"amman-comparison.html","DUPLICATE_INTERNAL_LINK","index.html","Target linked 4 times on this page."
"amman-comparison.html","DUPLICATE_INTERNAL_LINK","index2.html","Target linked 2 times on this page."
"amman-comparison.html","DUPLICATE_INTERNAL_LINK","comparison.html","Target linked 3 times on this page."
"amman-comparison.html","DUPLICATE_INTERNAL_LINK","podcasts.html","Target linked 2 times on this page."
"amman-coworking-guide.html","DUPLICATE_INTERNAL_LINK","about.html","Target linked 2 times on this page."
"amman-coworking-guide.html","DUPLICATE_INTERNAL_LINK","index2.html","Target linked 6 times on this page."
"amman-coworking-guide.html","DUPLICATE_INTERNAL_LINK","comparison.html","Target linked 4 times on this page."
"amman-coworking-guide.html","DUPLICATE_INTERNAL_LINK","index.html","Target linked 5 times on this page."
"amman-podcast-proposal.html","BROKEN_LINK","regions/middle-east.html","Target HTML file does not exist in workspace."
"amman-podcast-proposal.html","DUPLICATE_INTERNAL_LINK","about.html","Target linked 2 times on this page."
"amman-podcast-proposal.html","DUPLICATE_INTERNAL_LINK","podcasts.html","Target linked 2 times on this page."
"amman-podcast-proposal.html","DUPLICATE_INTERNAL_LINK","index.html","Target linked 2 times on this page."
"amsterdam-comparison.html","DUPLICATE_INTERNAL_LINK","index.html","Target linked 4 times on this page."
"amsterdam-comparison.html","DUPLICATE_INTERNAL_LINK","index2.html","Target linked 2 times on this page."
"amsterdam-comparison.html","DUPLICATE_INTERNAL_LINK","comparison.html","Target linked 3 times on this page."
"amsterdam-comparison.html","DUPLICATE_INTERNAL_LINK","podcasts.html","Target linked 2 times on this page."
"amsterdam-coworking-guide.html","DUPLICATE_INTERNAL_LINK","about.html","Target linked 2 times on this page."
"amsterdam-coworking-guide.html","DUPLICATE_INTERNAL_LINK","index2.html","Target linked 6 times on this page."
"amsterdam-coworking-guide.html","DUPLICATE_INTERNAL_LINK","comparison.html","Target linked 4 times on this page."
"amsterdam-coworking-guide.html","DUPLICATE_INTERNAL_LINK","index.html","Target linked 5 times on this page."
"amsterdam-podcast-proposal.html","BROKEN_LINK","regions/western-europe.html","Target HTML file does not exist in workspace."
"amsterdam-podcast-proposal.html","DUPLICATE_INTERNAL_LINK","about.html","Target linked 2 times on this page."
"amsterdam-podcast-proposal.html","DUPLICATE_INTERNAL_LINK","podcasts.html","Target linked 2 times on this page."
"amsterdam-podcast-proposal.html","DUPLICATE_INTERNAL_LINK","index.html","Target linked 2 times on this page."
"ankara-podcast-proposal.html","BROKEN_LINK","regions/middle-east.html","Target HTML file does not exist in workspace."
"ankara-podcast-proposal.html","DUPLICATE_INTERNAL_LINK","about.html","Target linked 2 times on this page."
"ankara-podcast-proposal.html","DUPLICATE_INTERNAL_LINK","podcasts.html","Target linked 2 times on this page."
"ankara-podcast-proposal.html","DUPLICATE_INTERNAL_LINK","index.html","Target linked 2 times on this page."
"antalya-podcast-proposal.html","BROKEN_LINK","regions/middle-east.html","Target HTML file does not exist in workspace."
"antalya-podcast-proposal.html","DUPLICATE_INTERNAL_LINK","about.html","Target linked 2 times on this page."
"antalya-podcast-proposal.html","DUPLICATE_INTERNAL_LINK","podcasts.html","Target linked 2 times on this page."
"antalya-podcast-proposal.html","DUPLICATE_INTERNAL_LINK","index.html","Target linked 2 times on this page."
"antananarivo-podcast-proposal.html","BROKEN_LINK","regions/africa.html","Target HTML file does not exist in workspace."
"antananarivo-podcast-proposal.html","DUPLICATE_INTERNAL_LINK","about.html","Target linked 2 times on this page."
"antananarivo-podcast-proposal.html","DUPLICATE_INTERNAL_LINK","index.html","Target linked 2 times on this page."
"antananarivo-podcast-proposal.html","DUPLICATE_INTERNAL_LINK","podcasts.html","Target linked 2 times on this page."
"antwerp-comparison.html","DUPLICATE_INTERNAL_LINK","index.html","Target linked 4 times on this page."
"antwerp-comparison.html","DUPLICATE_INTERNAL_LINK","index2.html","Target linked 2 times on this page."
"antwerp-comparison.html","DUPLICATE_INTERNAL_LINK","comparison.html","Target linked 3 times on this page."
"antwerp-comparison.html","DUPLICATE_INTERNAL_LINK","podcasts.html","Target linked 2 times on this page."
"antwerp-coworking-guide.html","DUPLICATE_INTERNAL_LINK","about.html","Target linked 2 times on this page."
"antwerp-coworking-guide.html","DUPLICATE_INTERNAL_LINK","index2.html","Target linked 6 times on this page."
"antwerp-coworking-guide.html","DUPLICATE_INTERNAL_LINK","comparison.html","Target linked 4 times on this page."
"antwerp-coworking-guide.html","DUPLICATE_INTERNAL_LINK","index.html","Target linked 5 times on this page."
"antwerp-podcast-proposal.html","BROKEN_LINK","regions/western-europe.html","Target HTML file does not exist in workspace."
"antwerp-podcast-proposal.html","DUPLICATE_INTERNAL_LINK","about.html","Target linked 2 times on this page."
"antwerp-podcast-proposal.html","DUPLICATE_INTERNAL_LINK","podcasts.html","Target linked 2 times on this page."
"antwerp-podcast-proposal.html","DUPLICATE_INTERNAL_LINK","index.html","Target linked 2 times on this page."
"aqaba-podcast-proposal.html","BROKEN_LINK","regions/middle-east.html","Target HTML file does not exist in workspace."
"aqaba-podcast-proposal.html","DUPLICATE_INTERNAL_LINK","about.html","Target linked 2 times on this page."
"aqaba-podcast-proposal.html","DUPLICATE_INTERNAL_LINK","podcasts.html","Target linked 2 times on this page."
"aqaba-podcast-proposal.html","DUPLICATE_INTERNAL_LINK","index.html","Target linked 2 times on this page."
"arequipa-podcast-proposal.html","BROKEN_LINK","regions/south-america.html","Target HTML file does not exist in workspace."
"arequipa-podcast-proposal.html","DUPLICATE_INTERNAL_LINK","about.html","Target linked 2 times on this page."
"arequipa-podcast-proposal.html","DUPLICATE_INTERNAL_LINK","podcasts.html","Target linked 2 times on this page."
"arequipa-podcast-proposal.html","DUPLICATE_INTERNAL_LINK","index.html","Target linked 2 times on this page."
"ashgabat-comparison.html","DUPLICATE_INTERNAL_LINK","index.html","Target linked 4 times on this page."
"ashgabat-comparison.html","DUPLICATE_INTERNAL_LINK","index2.html","Target linked 2 times on this page."
"ashgabat-comparison.html","DUPLICATE_INTERNAL_LINK","comparison.html","Target linked 3 times on this page."
"ashgabat-comparison.html","DUPLICATE_INTERNAL_LINK","podcasts.html","Target linked 2 times on this page."
"ashgabat-coworking-guide.html","DUPLICATE_INTERNAL_LINK","index2.html","Target linked 6 times on this page."
"ashgabat-coworking-guide.html","DUPLICATE_INTERNAL_LINK","bangkok-coworking-guide.html","Target linked 2 times on this page."
"ashgabat-coworking-guide.html","DUPLICATE_INTERNAL_LINK","index.html","Target linked 5 times on this page."
"ashgabat-coworking-guide.html","DUPLICATE_INTERNAL_LINK","comparison.html","Target linked 4 times on this page."
"ashgabat-coworking-guide.html","DUPLICATE_INTERNAL_LINK","about.html","Target linked 2 times on this page."
"ashgabat-podcast-proposal.html","BROKEN_LINK","regions/central-asia.html","Target HTML file does not exist in workspace."
"ashgabat-podcast-proposal.html","DUPLICATE_INTERNAL_LINK","about.html","Target linked 2 times on this page."
"ashgabat-podcast-proposal.html","DUPLICATE_INTERNAL_LINK","index.html","Target linked 2 times on this page."
"ashgabat-podcast-proposal.html","DUPLICATE_INTERNAL_LINK","podcasts.html","Target linked 2 times on this page."
"astana-podcast-proposal.html","BROKEN_LINK","regions/central-asia.html","Target HTML file does not exist in workspace."
"astana-podcast-proposal.html","DUPLICATE_INTERNAL_LINK","about.html","Target linked 2 times on this page."
"astana-podcast-proposal.html","DUPLICATE_INTERNAL_LINK","index.html","Target linked 2 times on this page."
"astana-podcast-proposal.html","DUPLICATE_INTERNAL_LINK","podcasts.html","Target linked 2 times on this page."
"asuncion-comparison.html","DUPLICATE_INTERNAL_LINK","index.html","Target linked 4 times on this page."
"asuncion-comparison.html","DUPLICATE_INTERNAL_LINK","index2.html","Target linked 2 times on this page."
"asuncion-comparison.html","DUPLICATE_INTERNAL_LINK","comparison.html","Target linked 3 times on this page."
"asuncion-comparison.html","DUPLICATE_INTERNAL_LINK","podcasts.html","Target linked 2 times on this page."
"asuncion-coworking-guide.html","DUPLICATE_INTERNAL_LINK","about.html","Target linked 2 times on this page."
"asuncion-coworking-guide.html","DUPLICATE_INTERNAL_LINK","index2.html","Target linked 6 times on this page."
"asuncion-coworking-guide.html","DUPLICATE_INTERNAL_LINK","comparison.html","Target linked 4 times on this page."
"asuncion-coworking-guide.html","DUPLICATE_INTERNAL_LINK","index.html","Target linked 5 times on this page."
"asuncion-podcast-proposal.html","BROKEN_LINK","regions/south-america.html","Target HTML file does not exist in workspace."
"asuncion-podcast-proposal.html","DUPLICATE_INTERNAL_LINK","about.html","Target linked 2 times on this page."
"asuncion-podcast-proposal.html","DUPLICATE_INTERNAL_LINK","podcasts.html","Target linked 2 times on this page."
"asuncion-podcast-proposal.html","DUPLICATE_INTERNAL_LINK","index.html","Target linked 2 times on this page."
"athens-comparison.html","DUPLICATE_INTERNAL_LINK","index.html","Target linked 4 times on this page."
"athens-comparison.html","DUPLICATE_INTERNAL_LINK","index2.html","Target linked 2 times on this page."
"athens-comparison.html","DUPLICATE_INTERNAL_LINK","comparison.html","Target linked 3 times on this page."
"athens-comparison.html","DUPLICATE_INTERNAL_LINK","podcasts.html","Target linked 2 times on this page."
"athens-coworking-guide.html","DUPLICATE_INTERNAL_LINK","about.html","Target linked 2 times on this page."
"athens-coworking-guide.html","DUPLICATE_INTERNAL_LINK","index2.html","Target linked 6 times on this page."
"athens-coworking-guide.html","DUPLICATE_INTERNAL_LINK","comparison.html","Target linked 4 times on this page."
"athens-coworking-guide.html","DUPLICATE_INTERNAL_LINK","index.html","Target linked 5 times on this page."
"athens-podcast-proposal.html","BROKEN_LINK","regions/western-europe.html","Target HTML file does not exist in workspace."
"athens-podcast-proposal.html","DUPLICATE_INTERNAL_LINK","about.html","Target linked 2 times on this page."
"athens-podcast-proposal.html","DUPLICATE_INTERNAL_LINK","podcasts.html","Target linked 2 times on this page."
"athens-podcast-proposal.html","DUPLICATE_INTERNAL_LINK","index.html","Target linked 2 times on this page."
"atlanta-comparison.html","DUPLICATE_INTERNAL_LINK","index.html","Target linked 4 times on this page."
"atlanta-comparison.html","DUPLICATE_INTERNAL_LINK","index2.html","Target linked 2 times on this page."
"atlanta-comparison.html","DUPLICATE_INTERNAL_LINK","comparison.html","Target linked 3 times on this page."
"atlanta-comparison.html","DUPLICATE_INTERNAL_LINK","podcasts.html","Target linked 2 times on this page."
"atlanta-coworking-guide.html","DUPLICATE_INTERNAL_LINK","about.html","Target linked 2 times on this page."
"atlanta-coworking-guide.html","DUPLICATE_INTERNAL_LINK","index2.html","Target linked 6 times on this page."
"atlanta-coworking-guide.html","DUPLICATE_INTERNAL_LINK","comparison.html","Target linked 4 times on this page."
"atlanta-coworking-guide.html","DUPLICATE_INTERNAL_LINK","index.html","Target linked 5 times on this page."
"atlanta-podcast-proposal.html","DUPLICATE_INTERNAL_LINK","index.html","Target linked 5 times on this page."
"atlanta-podcast-proposal.html","DUPLICATE_INTERNAL_LINK","index2.html","Target linked 2 times on this page."
"atlanta-podcast-proposal.html","DUPLICATE_INTERNAL_LINK","comparison.html","Target linked 2 times on this page."
"atlanta-podcast-proposal.html","DUPLICATE_INTERNAL_LINK","about.html","Target linked 2 times on this page."
"atlanta-podcast-proposal.html","DUPLICATE_INTERNAL_LINK","podcasts.html","Target linked 3 times on this page."
"auckland-comparison.html","DUPLICATE_INTERNAL_LINK","index.html","Target linked 4 times on this page."
"auckland-comparison.html","DUPLICATE_INTERNAL_LINK","index2.html","Target linked 2 times on this page."
"auckland-comparison.html","DUPLICATE_INTERNAL_LINK","comparison.html","Target linked 3 times on this page."
"auckland-comparison.html","DUPLICATE_INTERNAL_LINK","podcasts.html","Target linked 2 times on this page."
"auckland-coworking-guide.html","DUPLICATE_INTERNAL_LINK","about.html","Target linked 2 times on this page."
"auckland-coworking-guide.html","DUPLICATE_INTERNAL_LINK","index2.html","Target linked 6 times on this page."
"auckland-coworking-guide.html","DUPLICATE_INTERNAL_LINK","comparison.html","Target linked 4 times on this page."
"auckland-coworking-guide.html","DUPLICATE_INTERNAL_LINK","index.html","Target linked 5 times on this page."
"auckland-podcast-proposal.html","DUPLICATE_INTERNAL_LINK","index.html","Target linked 5 times on this page."
"auckland-podcast-proposal.html","DUPLICATE_INTERNAL_LINK","index2.html","Target linked 2 times on this page."
"auckland-podcast-proposal.html","DUPLICATE_INTERNAL_LINK","comparison.html","Target linked 2 times on this page."
"auckland-podcast-proposal.html","DUPLICATE_INTERNAL_LINK","about.html","Target linked 2 times on this page."
"auckland-podcast-proposal.html","DUPLICATE_INTERNAL_LINK","podcasts.html","Target linked 3 times on this page."
"austin-comparison.html","DUPLICATE_INTERNAL_LINK","index.html","Target linked 4 times on this page."
"austin-comparison.html","DUPLICATE_INTERNAL_LINK","index2.html","Target linked 2 times on this page."
"austin-comparison.html","DUPLICATE_INTERNAL_LINK","comparison.html","Target linked 3 times on this page."
"austin-comparison.html","DUPLICATE_INTERNAL_LINK","podcasts.html","Target linked 2 times on this page."
"austin-coworking-guide.html","DUPLICATE_INTERNAL_LINK","about.html","Target linked 2 times on this page."
"austin-coworking-guide.html","DUPLICATE_INTERNAL_LINK","index2.html","Target linked 6 times on this page."
"austin-coworking-guide.html","DUPLICATE_INTERNAL_LINK","comparison.html","Target linked 4 times on this page."
"austin-coworking-guide.html","DUPLICATE_INTERNAL_LINK","index.html","Target linked 5 times on this page."
"austin-podcast-proposal.html","BROKEN_LINK","regions/north-america.html","Target HTML file does not exist in workspace."
"austin-podcast-proposal.html","DUPLICATE_INTERNAL_LINK","about.html","Target linked 2 times on this page."
"austin-podcast-proposal.html","DUPLICATE_INTERNAL_LINK","podcasts.html","Target linked 2 times on this page."
"austin-podcast-proposal.html","DUPLICATE_INTERNAL_LINK","index.html","Target linked 2 times on this page."
"baku-comparison.html","DUPLICATE_INTERNAL_LINK","index.html","Target linked 4 times on this page."
"baku-comparison.html","DUPLICATE_INTERNAL_LINK","index2.html","Target linked 2 times on this page."
"baku-comparison.html","DUPLICATE_INTERNAL_LINK","comparison.html","Target linked 3 times on this page."
"baku-comparison.html","DUPLICATE_INTERNAL_LINK","podcasts.html","Target linked 2 times on this page."
"baku-coworking-guide.html","DUPLICATE_INTERNAL_LINK","about.html","Target linked 2 times on this page."
"baku-coworking-guide.html","DUPLICATE_INTERNAL_LINK","index2.html","Target linked 6 times on this page."
"baku-coworking-guide.html","DUPLICATE_INTERNAL_LINK","comparison.html","Target linked 4 times on this page."
"baku-coworking-guide.html","DUPLICATE_INTERNAL_LINK","index.html","Target linked 5 times on this page."
"baku-podcast-proposal.html","BROKEN_LINK","regions/central-asia.html","Target HTML file does not exist in workspace."
"baku-podcast-proposal.html","DUPLICATE_INTERNAL_LINK","about.html","Target linked 2 times on this page."
"baku-podcast-proposal.html","DUPLICATE_INTERNAL_LINK","index.html","Target linked 2 times on this page."
"baku-podcast-proposal.html","DUPLICATE_INTERNAL_LINK","podcasts.html","Target linked 2 times on this page."
"bali-podcast-proposal.html","BROKEN_LINK","regions/southeast-asia.html","Target HTML file does not exist in workspace."
"bali-podcast-proposal.html","DUPLICATE_INTERNAL_LINK","about.html","Target linked 2 times on this page."
"bali-podcast-proposal.html","DUPLICATE_INTERNAL_LINK","podcasts.html","Target linked 2 times on this page."
"bali-podcast-proposal.html","DUPLICATE_INTERNAL_LINK","index.html","Target linked 2 times on this page."
"bali-vs-barcelona-digital-nomad.html","DUPLICATE_INTERNAL_LINK","index.html","Target linked 3 times on this page."
"bali-vs-barcelona-digital-nomad.html","DUPLICATE_INTERNAL_LINK","index2.html","Target linked 2 times on this page."
"bali-vs-barcelona-digital-nomad.html","DUPLICATE_INTERNAL_LINK","comparison.html","Target linked 2 times on this page."
"bali-vs-barcelona-digital-nomad.html","DUPLICATE_INTERNAL_LINK","about.html","Target linked 2 times on this page."
"bali-vs-berlin-digital-nomad.html","DUPLICATE_INTERNAL_LINK","index.html","Target linked 3 times on this page."
"bali-vs-berlin-digital-nomad.html","DUPLICATE_INTERNAL_LINK","index2.html","Target linked 2 times on this page."
"bali-vs-berlin-digital-nomad.html","DUPLICATE_INTERNAL_LINK","comparison.html","Target linked 2 times on this page."
"bali-vs-berlin-digital-nomad.html","DUPLICATE_INTERNAL_LINK","about.html","Target linked 2 times on this page."
"bali-vs-chiang-mai-digital-nomad.html","DUPLICATE_INTERNAL_LINK","index.html","Target linked 3 times on this page."
"bali-vs-chiang-mai-digital-nomad.html","DUPLICATE_INTERNAL_LINK","index2.html","Target linked 2 times on this page."
"bali-vs-chiang-mai-digital-nomad.html","DUPLICATE_INTERNAL_LINK","comparison.html","Target linked 2 times on this page."
"bali-vs-chiang-mai-digital-nomad.html","DUPLICATE_INTERNAL_LINK","about.html","Target linked 2 times on this page."
"bali-vs-mexico-city-digital-nomad.html","DUPLICATE_INTERNAL_LINK","index.html","Target linked 3 times on this page."
"bali-vs-mexico-city-digital-nomad.html","DUPLICATE_INTERNAL_LINK","index2.html","Target linked 2 times on this page."
"bali-vs-mexico-city-digital-nomad.html","DUPLICATE_INTERNAL_LINK","comparison.html","Target linked 2 times on this page."
"bali-vs-mexico-city-digital-nomad.html","DUPLICATE_INTERNAL_LINK","about.html","Target linked 2 times on this page."
"bali-vs-tbilisi-digital-nomad.html","DUPLICATE_INTERNAL_LINK","index.html","Target linked 3 times on this page."
"bali-vs-tbilisi-digital-nomad.html","DUPLICATE_INTERNAL_LINK","index2.html","Target linked 2 times on this page."
"bali-vs-tbilisi-digital-nomad.html","DUPLICATE_INTERNAL_LINK","comparison.html","Target linked 2 times on this page."
"bali-vs-tbilisi-digital-nomad.html","DUPLICATE_INTERNAL_LINK","about.html","Target linked 2 times on this page."
"bali-vs-tokyo-digital-nomad.html","DUPLICATE_INTERNAL_LINK","index.html","Target linked 3 times on this page."
"bali-vs-tokyo-digital-nomad.html","DUPLICATE_INTERNAL_LINK","index2.html","Target linked 2 times on this page."
"bali-vs-tokyo-digital-nomad.html","DUPLICATE_INTERNAL_LINK","comparison.html","Target linked 2 times on this page."
"bali-vs-tokyo-digital-nomad.html","DUPLICATE_INTERNAL_LINK","about.html","Target linked 2 times on this page."
"bangalore-comparison.html","DUPLICATE_INTERNAL_LINK","index.html","Target linked 4 times on this page."
"bangalore-comparison.html","DUPLICATE_INTERNAL_LINK","index2.html","Target linked 2 times on this page."
"bangalore-comparison.html","DUPLICATE_INTERNAL_LINK","comparison.html","Target linked 3 times on this page."
"bangalore-comparison.html","DUPLICATE_INTERNAL_LINK","podcasts.html","Target linked 2 times on this page."
"bangalore-coworking-guide.html","DUPLICATE_INTERNAL_LINK","about.html","Target linked 2 times on this page."
"bangalore-coworking-guide.html","DUPLICATE_INTERNAL_LINK","index2.html","Target linked 6 times on this page."
"bangalore-coworking-guide.html","DUPLICATE_INTERNAL_LINK","comparison.html","Target linked 4 times on this page."
"bangalore-coworking-guide.html","DUPLICATE_INTERNAL_LINK","index.html","Target linked 5 times on this page."
"bangalore-podcast-proposal.html","DUPLICATE_INTERNAL_LINK","index.html","Target linked 5 times on this page."
"bangalore-podcast-proposal.html","DUPLICATE_INTERNAL_LINK","index2.html","Target linked 2 times on this page."
"bangalore-podcast-proposal.html","DUPLICATE_INTERNAL_LINK","comparison.html","Target linked 2 times on this page."
"bangalore-podcast-proposal.html","DUPLICATE_INTERNAL_LINK","podcasts.html","Target linked 3 times on this page."
"bangalore-podcast-proposal.html","DUPLICATE_INTERNAL_LINK","about.html","Target linked 2 times on this page."
"bangkok-comparison.html","DUPLICATE_INTERNAL_LINK","index.html","Target linked 4 times on this page."
"bangkok-comparison.html","DUPLICATE_INTERNAL_LINK","index2.html","Target linked 2 times on this page."
"bangkok-comparison.html","DUPLICATE_INTERNAL_LINK","comparison.html","Target linked 3 times on this page."
"bangkok-comparison.html","DUPLICATE_INTERNAL_LINK","podcasts.html","Target linked 2 times on this page."
"bangkok-coworking-guide.html","DUPLICATE_INTERNAL_LINK","about.html","Target linked 2 times on this page."
"bangkok-coworking-guide.html","DUPLICATE_INTERNAL_LINK","index2.html","Target linked 6 times on this page."
"bangkok-coworking-guide.html","DUPLICATE_INTERNAL_LINK","comparison.html","Target linked 4 times on this page."
"bangkok-coworking-guide.html","DUPLICATE_INTERNAL_LINK","index.html","Target linked 5 times on this page."
"bangkok-podcast-proposal.html","BROKEN_LINK","regions/southeast-asia.html","Target HTML file does not exist in workspace."
"bangkok-podcast-proposal.html","DUPLICATE_INTERNAL_LINK","about.html","Target linked 2 times on this page."
"bangkok-podcast-proposal.html","DUPLICATE_INTERNAL_LINK","podcasts.html","Target linked 2 times on this page."
"bangkok-podcast-proposal.html","DUPLICATE_INTERNAL_LINK","index.html","Target linked 2 times on this page."
"bangkok-vs-bali-digital-nomad.html","DUPLICATE_INTERNAL_LINK","index.html","Target linked 3 times on this page."
"bangkok-vs-bali-digital-nomad.html","DUPLICATE_INTERNAL_LINK","index2.html","Target linked 2 times on this page."
"bangkok-vs-bali-digital-nomad.html","DUPLICATE_INTERNAL_LINK","comparison.html","Target linked 2 times on this page."
"bangkok-vs-bali-digital-nomad.html","DUPLICATE_INTERNAL_LINK","about.html","Target linked 2 times on this page."
"bangkok-vs-barcelona-digital-nomad.html","DUPLICATE_INTERNAL_LINK","index.html","Target linked 3 times on this page."
"bangkok-vs-barcelona-digital-nomad.html","DUPLICATE_INTERNAL_LINK","index2.html","Target linked 2 times on this page."
"bangkok-vs-barcelona-digital-nomad.html","DUPLICATE_INTERNAL_LINK","comparison.html","Target linked 2 times on this page."
"bangkok-vs-barcelona-digital-nomad.html","DUPLICATE_INTERNAL_LINK","about.html","Target linked 2 times on this page."
"bangkok-vs-berlin-digital-nomad.html","DUPLICATE_INTERNAL_LINK","index.html","Target linked 3 times on this page."
"bangkok-vs-berlin-digital-nomad.html","DUPLICATE_INTERNAL_LINK","index2.html","Target linked 2 times on this page."
"bangkok-vs-berlin-digital-nomad.html","DUPLICATE_INTERNAL_LINK","comparison.html","Target linked 2 times on this page."
"bangkok-vs-berlin-digital-nomad.html","DUPLICATE_INTERNAL_LINK","about.html","Target linked 2 times on this page."
"bangkok-vs-chiang-mai-digital-nomad.html","DUPLICATE_INTERNAL_LINK","index.html","Target linked 3 times on this page."
"bangkok-vs-chiang-mai-digital-nomad.html","DUPLICATE_INTERNAL_LINK","index2.html","Target linked 2 times on this page."
"bangkok-vs-chiang-mai-digital-nomad.html","DUPLICATE_INTERNAL_LINK","comparison.html","Target linked 2 times on this page."
"bangkok-vs-chiang-mai-digital-nomad.html","DUPLICATE_INTERNAL_LINK","about.html","Target linked 2 times on this page."
"bangkok-vs-lisbon-digital-nomad.html","DUPLICATE_INTERNAL_LINK","index.html","Target linked 3 times on this page."
"bangkok-vs-lisbon-digital-nomad.html","DUPLICATE_INTERNAL_LINK","index2.html","Target linked 2 times on this page."
"bangkok-vs-lisbon-digital-nomad.html","DUPLICATE_INTERNAL_LINK","comparison.html","Target linked 2 times on this page."
"bangkok-vs-lisbon-digital-nomad.html","DUPLICATE_INTERNAL_LINK","about.html","Target linked 2 times on this page."
"bangkok-vs-medellin-digital-nomad.html","DUPLICATE_INTERNAL_LINK","index.html","Target linked 3 times on this page."
"bangkok-vs-medellin-digital-nomad.html","DUPLICATE_INTERNAL_LINK","index2.html","Target linked 2 times on this page."
"bangkok-vs-medellin-digital-nomad.html","DUPLICATE_INTERNAL_LINK","comparison.html","Target linked 2 times on this page."
"bangkok-vs-medellin-digital-nomad.html","DUPLICATE_INTERNAL_LINK","about.html","Target linked 2 times on this page."
"bangkok-vs-mexico-city-digital-nomad.html","DUPLICATE_INTERNAL_LINK","index.html","Target linked 3 times on this page."
"bangkok-vs-mexico-city-digital-nomad.html","DUPLICATE_INTERNAL_LINK","index2.html","Target linked 2 times on this page."
"bangkok-vs-mexico-city-digital-nomad.html","DUPLICATE_INTERNAL_LINK","comparison.html","Target linked 2 times on this page."
"bangkok-vs-mexico-city-digital-nomad.html","DUPLICATE_INTERNAL_LINK","about.html","Target linked 2 times on this page."
"bangkok-vs-tbilisi-digital-nomad.html","DUPLICATE_INTERNAL_LINK","index.html","Target linked 3 times on this page."
"bangkok-vs-tbilisi-digital-nomad.html","DUPLICATE_INTERNAL_LINK","index2.html","Target linked 2 times on this page."
"bangkok-vs-tbilisi-digital-nomad.html","DUPLICATE_INTERNAL_LINK","comparison.html","Target linked 2 times on this page."
"bangkok-vs-tbilisi-digital-nomad.html","DUPLICATE_INTERNAL_LINK","about.html","Target linked 2 times on this page."
"bangkok-vs-tokyo-digital-nomad.html","DUPLICATE_INTERNAL_LINK","index.html","Target linked 3 times on this page."
"bangkok-vs-tokyo-digital-nomad.html","DUPLICATE_INTERNAL_LINK","index2.html","Target linked 2 times on this page."
"bangkok-vs-tokyo-digital-nomad.html","DUPLICATE_INTERNAL_LINK","comparison.html","Target linked 2 times on this page."
"bangkok-vs-tokyo-digital-nomad.html","DUPLICATE_INTERNAL_LINK","about.html","Target linked 2 times on this page."
"barcelona-comparison.html","DUPLICATE_INTERNAL_LINK","index.html","Target linked 4 times on this page."
"barcelona-comparison.html","DUPLICATE_INTERNAL_LINK","index2.html","Target linked 2 times on this page."
"barcelona-comparison.html","DUPLICATE_INTERNAL_LINK","comparison.html","Target linked 3 times on this page."
"barcelona-comparison.html","DUPLICATE_INTERNAL_LINK","podcasts.html","Target linked 2 times on this page."
"barcelona-coworking-guide.html","DUPLICATE_INTERNAL_LINK","index.html","Target linked 5 times on this page."
"barcelona-coworking-guide.html","DUPLICATE_INTERNAL_LINK","index2.html","Target linked 6 times on this page."
"barcelona-coworking-guide.html","DUPLICATE_INTERNAL_LINK","berlin-coworking-guide.html","Target linked 2 times on this page."
"barcelona-coworking-guide.html","DUPLICATE_INTERNAL_LINK","comparison.html","Target linked 4 times on this page."
"barcelona-podcast-proposal.html","BROKEN_LINK","regions/western-europe.html","Target HTML file does not exist in workspace."
"barcelona-podcast-proposal.html","DUPLICATE_INTERNAL_LINK","index.html","Target linked 2 times on this page."
"barcelona-podcast-proposal.html","DUPLICATE_INTERNAL_LINK","podcasts.html","Target linked 2 times on this page."
"barcelona-vs-berlin-digital-nomad.html","DUPLICATE_INTERNAL_LINK","index.html","Target linked 3 times on this page."
"barcelona-vs-berlin-digital-nomad.html","DUPLICATE_INTERNAL_LINK","index2.html","Target linked 2 times on this page."
"barcelona-vs-berlin-digital-nomad.html","DUPLICATE_INTERNAL_LINK","comparison.html","Target linked 2 times on this page."
"barcelona-vs-berlin-digital-nomad.html","DUPLICATE_INTERNAL_LINK","about.html","Target linked 2 times on this page."
"barcelona-vs-tbilisi-digital-nomad.html","DUPLICATE_INTERNAL_LINK","index.html","Target linked 3 times on this page."
"barcelona-vs-tbilisi-digital-nomad.html","DUPLICATE_INTERNAL_LINK","index2.html","Target linked 2 times on this page."
"barcelona-vs-tbilisi-digital-nomad.html","DUPLICATE_INTERNAL_LINK","comparison.html","Target linked 2 times on this page."
"barcelona-vs-tbilisi-digital-nomad.html","DUPLICATE_INTERNAL_LINK","about.html","Target linked 2 times on this page."
"bariloche-podcast-proposal.html","BROKEN_LINK","regions/south-america.html","Target HTML file does not exist in workspace."
"bariloche-podcast-proposal.html","DUPLICATE_INTERNAL_LINK","about.html","Target linked 2 times on this page."
"bariloche-podcast-proposal.html","DUPLICATE_INTERNAL_LINK","podcasts.html","Target linked 2 times on this page."
"bariloche-podcast-proposal.html","DUPLICATE_INTERNAL_LINK","index.html","Target linked 2 times on this page."
"batumi-podcast-proposal.html","BROKEN_LINK","regions/central-asia.html","Target HTML file does not exist in workspace."
"batumi-podcast-proposal.html","DUPLICATE_INTERNAL_LINK","about.html","Target linked 2 times on this page."
"batumi-podcast-proposal.html","DUPLICATE_INTERNAL_LINK","index.html","Target linked 2 times on this page."
"batumi-podcast-proposal.html","DUPLICATE_INTERNAL_LINK","podcasts.html","Target linked 2 times on this page."
"beijing-comparison.html","DUPLICATE_INTERNAL_LINK","index.html","Target linked 4 times on this page."
"beijing-comparison.html","DUPLICATE_INTERNAL_LINK","index2.html","Target linked 2 times on this page."
"beijing-comparison.html","DUPLICATE_INTERNAL_LINK","comparison.html","Target linked 3 times on this page."
"beijing-comparison.html","DUPLICATE_INTERNAL_LINK","podcasts.html","Target linked 2 times on this page."
"beijing-coworking-guide.html","DUPLICATE_INTERNAL_LINK","about.html","Target linked 2 times on this page."
"beijing-coworking-guide.html","DUPLICATE_INTERNAL_LINK","index2.html","Target linked 6 times on this page."
"beijing-coworking-guide.html","DUPLICATE_INTERNAL_LINK","comparison.html","Target linked 4 times on this page."
"beijing-coworking-guide.html","DUPLICATE_INTERNAL_LINK","index.html","Target linked 5 times on this page."
"beijing-podcast-proposal.html","BROKEN_LINK","regions/east-asia.html","Target HTML file does not exist in workspace."
"beijing-podcast-proposal.html","DUPLICATE_INTERNAL_LINK","about.html","Target linked 2 times on this page."
"beijing-podcast-proposal.html","DUPLICATE_INTERNAL_LINK","podcasts.html","Target linked 2 times on this page."
"beijing-podcast-proposal.html","DUPLICATE_INTERNAL_LINK","index.html","Target linked 2 times on this page."
"beirut-comparison.html","DUPLICATE_INTERNAL_LINK","index.html","Target linked 4 times on this page."
"beirut-comparison.html","DUPLICATE_INTERNAL_LINK","index2.html","Target linked 2 times on this page."
"beirut-comparison.html","DUPLICATE_INTERNAL_LINK","comparison.html","Target linked 3 times on this page."
"beirut-comparison.html","DUPLICATE_INTERNAL_LINK","podcasts.html","Target linked 2 times on this page."
"beirut-coworking-guide.html","DUPLICATE_INTERNAL_LINK","about.html","Target linked 2 times on this page."
"beirut-coworking-guide.html","DUPLICATE_INTERNAL_LINK","index2.html","Target linked 6 times on this page."
"beirut-coworking-guide.html","DUPLICATE_INTERNAL_LINK","comparison.html","Target linked 4 times on this page."
"beirut-coworking-guide.html","DUPLICATE_INTERNAL_LINK","index.html","Target linked 5 times on this page."
"beirut-podcast-proposal.html","BROKEN_LINK","regions/middle-east.html","Target HTML file does not exist in workspace."
"beirut-podcast-proposal.html","DUPLICATE_INTERNAL_LINK","about.html","Target linked 2 times on this page."
"beirut-podcast-proposal.html","DUPLICATE_INTERNAL_LINK","podcasts.html","Target linked 2 times on this page."
"beirut-podcast-proposal.html","DUPLICATE_INTERNAL_LINK","index.html","Target linked 2 times on this page."
"belfast-podcast-proposal.html","BROKEN_LINK","regions/uk-eastern-europe.html","Target HTML file does not exist in workspace."
"belfast-podcast-proposal.html","DUPLICATE_INTERNAL_LINK","about.html","Target linked 2 times on this page."
"belfast-podcast-proposal.html","DUPLICATE_INTERNAL_LINK","podcasts.html","Target linked 2 times on this page."
"belfast-podcast-proposal.html","DUPLICATE_INTERNAL_LINK","index.html","Target linked 2 times on this page."
"belgrade-comparison.html","DUPLICATE_INTERNAL_LINK","index.html","Target linked 4 times on this page."
"belgrade-comparison.html","DUPLICATE_INTERNAL_LINK","index2.html","Target linked 2 times on this page."
"belgrade-comparison.html","DUPLICATE_INTERNAL_LINK","comparison.html","Target linked 3 times on this page."
"belgrade-comparison.html","DUPLICATE_INTERNAL_LINK","podcasts.html","Target linked 2 times on this page."
"belgrade-coworking-guide.html","DUPLICATE_INTERNAL_LINK","about.html","Target linked 2 times on this page."
"belgrade-coworking-guide.html","DUPLICATE_INTERNAL_LINK","index2.html","Target linked 6 times on this page."
"belgrade-coworking-guide.html","DUPLICATE_INTERNAL_LINK","comparison.html","Target linked 4 times on this page."
"belgrade-coworking-guide.html","DUPLICATE_INTERNAL_LINK","index.html","Target linked 5 times on this page."
"belgrade-podcast-proposal.html","BROKEN_LINK","regions/uk-eastern-europe.html","Target HTML file does not exist in workspace."
"belgrade-podcast-proposal.html","DUPLICATE_INTERNAL_LINK","about.html","Target linked 2 times on this page."
"belgrade-podcast-proposal.html","DUPLICATE_INTERNAL_LINK","podcasts.html","Target linked 2 times on this page."
"belgrade-podcast-proposal.html","DUPLICATE_INTERNAL_LINK","index.html","Target linked 2 times on this page."
"bengaluru-podcast-proposal.html","BROKEN_LINK","regions/south-asia.html","Target HTML file does not exist in workspace."
"bengaluru-podcast-proposal.html","DUPLICATE_INTERNAL_LINK","about.html","Target linked 2 times on this page."
"bengaluru-podcast-proposal.html","DUPLICATE_INTERNAL_LINK","podcasts.html","Target linked 2 times on this page."
"bengaluru-podcast-proposal.html","DUPLICATE_INTERNAL_LINK","index.html","Target linked 2 times on this page."
"berlin-comparison.html","DUPLICATE_INTERNAL_LINK","index.html","Target linked 4 times on this page."
"berlin-comparison.html","DUPLICATE_INTERNAL_LINK","index2.html","Target linked 2 times on this page."
"berlin-comparison.html","DUPLICATE_INTERNAL_LINK","comparison.html","Target linked 3 times on this page."
"berlin-comparison.html","DUPLICATE_INTERNAL_LINK","podcasts.html","Target linked 2 times on this page."
"berlin-coworking-guide.html","DUPLICATE_INTERNAL_LINK","index.html","Target linked 5 times on this page."
"berlin-coworking-guide.html","DUPLICATE_INTERNAL_LINK","index2.html","Target linked 6 times on this page."
"berlin-coworking-guide.html","DUPLICATE_INTERNAL_LINK","comparison.html","Target linked 4 times on this page."
"berlin-podcast-proposal.html","BROKEN_LINK","regions/western-europe.html","Target HTML file does not exist in workspace."
"berlin-podcast-proposal.html","DUPLICATE_INTERNAL_LINK","about.html","Target linked 2 times on this page."
"berlin-podcast-proposal.html","DUPLICATE_INTERNAL_LINK","podcasts.html","Target linked 2 times on this page."
"berlin-podcast-proposal.html","DUPLICATE_INTERNAL_LINK","index.html","Target linked 2 times on this page."
"berlin-vs-tbilisi-digital-nomad.html","DUPLICATE_INTERNAL_LINK","index.html","Target linked 3 times on this page."
"berlin-vs-tbilisi-digital-nomad.html","DUPLICATE_INTERNAL_LINK","index2.html","Target linked 2 times on this page."
"berlin-vs-tbilisi-digital-nomad.html","DUPLICATE_INTERNAL_LINK","comparison.html","Target linked 2 times on this page."
"berlin-vs-tbilisi-digital-nomad.html","DUPLICATE_INTERNAL_LINK","about.html","Target linked 2 times on this page."
"bern-comparison.html","DUPLICATE_INTERNAL_LINK","index.html","Target linked 4 times on this page."
"bern-comparison.html","DUPLICATE_INTERNAL_LINK","index2.html","Target linked 2 times on this page."
"bern-comparison.html","DUPLICATE_INTERNAL_LINK","comparison.html","Target linked 3 times on this page."
"bern-comparison.html","DUPLICATE_INTERNAL_LINK","podcasts.html","Target linked 2 times on this page."
"bern-coworking-guide.html","DUPLICATE_INTERNAL_LINK","about.html","Target linked 2 times on this page."
"bern-coworking-guide.html","DUPLICATE_INTERNAL_LINK","index2.html","Target linked 6 times on this page."
"bern-coworking-guide.html","DUPLICATE_INTERNAL_LINK","comparison.html","Target linked 4 times on this page."
"bern-coworking-guide.html","DUPLICATE_INTERNAL_LINK","index.html","Target linked 5 times on this page."
"bern-podcast-proposal.html","DUPLICATE_INTERNAL_LINK","index.html","Target linked 5 times on this page."
"bern-podcast-proposal.html","DUPLICATE_INTERNAL_LINK","index2.html","Target linked 2 times on this page."
"bern-podcast-proposal.html","DUPLICATE_INTERNAL_LINK","comparison.html","Target linked 2 times on this page."
"bern-podcast-proposal.html","DUPLICATE_INTERNAL_LINK","about.html","Target linked 2 times on this page."
"bern-podcast-proposal.html","DUPLICATE_INTERNAL_LINK","podcasts.html","Target linked 3 times on this page."
"birmingham-comparison.html","DUPLICATE_INTERNAL_LINK","index.html","Target linked 4 times on this page."
"birmingham-comparison.html","DUPLICATE_INTERNAL_LINK","index2.html","Target linked 2 times on this page."
"birmingham-comparison.html","DUPLICATE_INTERNAL_LINK","comparison.html","Target linked 3 times on this page."
"birmingham-comparison.html","DUPLICATE_INTERNAL_LINK","podcasts.html","Target linked 2 times on this page."
"birmingham-coworking-guide.html","DUPLICATE_INTERNAL_LINK","about.html","Target linked 2 times on this page."
"birmingham-coworking-guide.html","DUPLICATE_INTERNAL_LINK","index2.html","Target linked 6 times on this page."
"birmingham-coworking-guide.html","DUPLICATE_INTERNAL_LINK","comparison.html","Target linked 4 times on this page."
"birmingham-coworking-guide.html","DUPLICATE_INTERNAL_LINK","index.html","Target linked 5 times on this page."
"birmingham-podcast-proposal.html","BROKEN_LINK","regions/uk-eastern-europe.html","Target HTML file does not exist in workspace."
"birmingham-podcast-proposal.html","DUPLICATE_INTERNAL_LINK","about.html","Target linked 2 times on this page."
"birmingham-podcast-proposal.html","DUPLICATE_INTERNAL_LINK","podcasts.html","Target linked 2 times on this page."
"birmingham-podcast-proposal.html","DUPLICATE_INTERNAL_LINK","index.html","Target linked 2 times on this page."
"bishkek-comparison.html","DUPLICATE_INTERNAL_LINK","index.html","Target linked 4 times on this page."
"bishkek-comparison.html","DUPLICATE_INTERNAL_LINK","index2.html","Target linked 2 times on this page."
"bishkek-comparison.html","DUPLICATE_INTERNAL_LINK","comparison.html","Target linked 3 times on this page."
"bishkek-comparison.html","DUPLICATE_INTERNAL_LINK","podcasts.html","Target linked 2 times on this page."
"bishkek-coworking-guide.html","DUPLICATE_INTERNAL_LINK","index2.html","Target linked 6 times on this page."
"bishkek-coworking-guide.html","DUPLICATE_INTERNAL_LINK","bangkok-coworking-guide.html","Target linked 2 times on this page."
"bishkek-coworking-guide.html","DUPLICATE_INTERNAL_LINK","index.html","Target linked 5 times on this page."
"bishkek-coworking-guide.html","DUPLICATE_INTERNAL_LINK","comparison.html","Target linked 4 times on this page."
"bishkek-coworking-guide.html","DUPLICATE_INTERNAL_LINK","about.html","Target linked 2 times on this page."
"bishkek-podcast-proposal.html","BROKEN_LINK","regions/central-asia.html","Target HTML file does not exist in workspace."
"bishkek-podcast-proposal.html","DUPLICATE_INTERNAL_LINK","about.html","Target linked 2 times on this page."
"bishkek-podcast-proposal.html","DUPLICATE_INTERNAL_LINK","index.html","Target linked 2 times on this page."
"bishkek-podcast-proposal.html","DUPLICATE_INTERNAL_LINK","podcasts.html","Target linked 2 times on this page."
"bodrum-podcast-proposal.html","BROKEN_LINK","regions/middle-east.html","Target HTML file does not exist in workspace."
"bodrum-podcast-proposal.html","DUPLICATE_INTERNAL_LINK","about.html","Target linked 2 times on this page."
"bodrum-podcast-proposal.html","DUPLICATE_INTERNAL_LINK","podcasts.html","Target linked 2 times on this page."
"bodrum-podcast-proposal.html","DUPLICATE_INTERNAL_LINK","index.html","Target linked 2 times on this page."
"bogota-comparison.html","DUPLICATE_INTERNAL_LINK","index.html","Target linked 4 times on this page."
"bogota-comparison.html","DUPLICATE_INTERNAL_LINK","index2.html","Target linked 2 times on this page."
"bogota-comparison.html","DUPLICATE_INTERNAL_LINK","comparison.html","Target linked 3 times on this page."
"bogota-comparison.html","DUPLICATE_INTERNAL_LINK","podcasts.html","Target linked 2 times on this page."
"bogota-coworking-guide.html","DUPLICATE_INTERNAL_LINK","about.html","Target linked 2 times on this page."
"bogota-coworking-guide.html","DUPLICATE_INTERNAL_LINK","index2.html","Target linked 6 times on this page."
"bogota-coworking-guide.html","DUPLICATE_INTERNAL_LINK","index.html","Target linked 5 times on this page."
"bogota-coworking-guide.html","DUPLICATE_INTERNAL_LINK","comparison.html","Target linked 4 times on this page."
"bogota-podcast-proposal.html","BROKEN_LINK","regions/south-america.html","Target HTML file does not exist in workspace."
"bogota-podcast-proposal.html","DUPLICATE_INTERNAL_LINK","about.html","Target linked 2 times on this page."
"bogota-podcast-proposal.html","DUPLICATE_INTERNAL_LINK","podcasts.html","Target linked 2 times on this page."
"bogota-podcast-proposal.html","DUPLICATE_INTERNAL_LINK","index.html","Target linked 2 times on this page."
"boston-comparison.html","DUPLICATE_INTERNAL_LINK","index.html","Target linked 4 times on this page."
"boston-comparison.html","DUPLICATE_INTERNAL_LINK","index2.html","Target linked 2 times on this page."
"boston-comparison.html","DUPLICATE_INTERNAL_LINK","comparison.html","Target linked 3 times on this page."
"boston-comparison.html","DUPLICATE_INTERNAL_LINK","podcasts.html","Target linked 2 times on this page."
"boston-coworking-guide.html","DUPLICATE_INTERNAL_LINK","about.html","Target linked 2 times on this page."
"boston-coworking-guide.html","DUPLICATE_INTERNAL_LINK","index2.html","Target linked 6 times on this page."
"boston-coworking-guide.html","DUPLICATE_INTERNAL_LINK","comparison.html","Target linked 4 times on this page."
"boston-coworking-guide.html","DUPLICATE_INTERNAL_LINK","index.html","Target linked 5 times on this page."
"boston-podcast-proposal.html","BROKEN_LINK","regions/north-america.html","Target HTML file does not exist in workspace."
"boston-podcast-proposal.html","DUPLICATE_INTERNAL_LINK","about.html","Target linked 2 times on this page."
"boston-podcast-proposal.html","DUPLICATE_INTERNAL_LINK","podcasts.html","Target linked 2 times on this page."
"boston-podcast-proposal.html","DUPLICATE_INTERNAL_LINK","index.html","Target linked 2 times on this page."
"brampton-comparison.html","DUPLICATE_INTERNAL_LINK","index.html","Target linked 4 times on this page."
"brampton-comparison.html","DUPLICATE_INTERNAL_LINK","index2.html","Target linked 2 times on this page."
"brampton-comparison.html","DUPLICATE_INTERNAL_LINK","comparison.html","Target linked 3 times on this page."
"brampton-comparison.html","DUPLICATE_INTERNAL_LINK","podcasts.html","Target linked 2 times on this page."
"brampton-coworking-guide.html","DUPLICATE_INTERNAL_LINK","about.html","Target linked 2 times on this page."
"brampton-coworking-guide.html","DUPLICATE_INTERNAL_LINK","index2.html","Target linked 6 times on this page."
"brampton-coworking-guide.html","DUPLICATE_INTERNAL_LINK","comparison.html","Target linked 4 times on this page."
"brampton-coworking-guide.html","DUPLICATE_INTERNAL_LINK","index.html","Target linked 5 times on this page."
"brampton-podcast-proposal.html","DUPLICATE_INTERNAL_LINK","index.html","Target linked 5 times on this page."
"brampton-podcast-proposal.html","DUPLICATE_INTERNAL_LINK","index2.html","Target linked 2 times on this page."
"brampton-podcast-proposal.html","DUPLICATE_INTERNAL_LINK","comparison.html","Target linked 2 times on this page."
"brampton-podcast-proposal.html","DUPLICATE_INTERNAL_LINK","about.html","Target linked 2 times on this page."
"brampton-podcast-proposal.html","DUPLICATE_INTERNAL_LINK","podcasts.html","Target linked 3 times on this page."
"bratislava-comparison.html","DUPLICATE_INTERNAL_LINK","index.html","Target linked 4 times on this page."
"bratislava-comparison.html","DUPLICATE_INTERNAL_LINK","index2.html","Target linked 2 times on this page."
"bratislava-comparison.html","DUPLICATE_INTERNAL_LINK","comparison.html","Target linked 3 times on this page."
"bratislava-comparison.html","DUPLICATE_INTERNAL_LINK","podcasts.html","Target linked 2 times on this page."
"bratislava-coworking-guide.html","DUPLICATE_INTERNAL_LINK","about.html","Target linked 2 times on this page."
"bratislava-coworking-guide.html","DUPLICATE_INTERNAL_LINK","index2.html","Target linked 6 times on this page."
"bratislava-coworking-guide.html","DUPLICATE_INTERNAL_LINK","comparison.html","Target linked 4 times on this page."
"bratislava-coworking-guide.html","DUPLICATE_INTERNAL_LINK","index.html","Target linked 5 times on this page."
"bratislava-podcast-proposal.html","BROKEN_LINK","regions/uk-eastern-europe.html","Target HTML file does not exist in workspace."
"bratislava-podcast-proposal.html","DUPLICATE_INTERNAL_LINK","about.html","Target linked 2 times on this page."
"bratislava-podcast-proposal.html","DUPLICATE_INTERNAL_LINK","podcasts.html","Target linked 2 times on this page."
"bratislava-podcast-proposal.html","DUPLICATE_INTERNAL_LINK","index.html","Target linked 2 times on this page."
"bremen-comparison.html","DUPLICATE_INTERNAL_LINK","index.html","Target linked 4 times on this page."
"bremen-comparison.html","DUPLICATE_INTERNAL_LINK","index2.html","Target linked 2 times on this page."
"bremen-comparison.html","DUPLICATE_INTERNAL_LINK","comparison.html","Target linked 3 times on this page."
"bremen-comparison.html","DUPLICATE_INTERNAL_LINK","podcasts.html","Target linked 2 times on this page."
"bremen-coworking-guide.html","DUPLICATE_INTERNAL_LINK","about.html","Target linked 2 times on this page."
"bremen-coworking-guide.html","DUPLICATE_INTERNAL_LINK","index2.html","Target linked 6 times on this page."
"bremen-coworking-guide.html","DUPLICATE_INTERNAL_LINK","comparison.html","Target linked 4 times on this page."
"bremen-coworking-guide.html","DUPLICATE_INTERNAL_LINK","index.html","Target linked 5 times on this page."
"bremen-podcast-proposal.html","DUPLICATE_INTERNAL_LINK","index.html","Target linked 5 times on this page."
"bremen-podcast-proposal.html","DUPLICATE_INTERNAL_LINK","index2.html","Target linked 2 times on this page."
"bremen-podcast-proposal.html","DUPLICATE_INTERNAL_LINK","comparison.html","Target linked 2 times on this page."
"bremen-podcast-proposal.html","DUPLICATE_INTERNAL_LINK","about.html","Target linked 2 times on this page."
"bremen-podcast-proposal.html","DUPLICATE_INTERNAL_LINK","podcasts.html","Target linked 3 times on this page."
"bridgetown-comparison.html","DUPLICATE_INTERNAL_LINK","index.html","Target linked 4 times on this page."
"bridgetown-comparison.html","DUPLICATE_INTERNAL_LINK","index2.html","Target linked 2 times on this page."
"bridgetown-comparison.html","DUPLICATE_INTERNAL_LINK","comparison.html","Target linked 3 times on this page."
"bridgetown-comparison.html","DUPLICATE_INTERNAL_LINK","podcasts.html","Target linked 2 times on this page."
"bridgetown-coworking-guide.html","DUPLICATE_INTERNAL_LINK","index.html","Target linked 5 times on this page."
"bridgetown-coworking-guide.html","DUPLICATE_INTERNAL_LINK","index2.html","Target linked 6 times on this page."
"bridgetown-coworking-guide.html","DUPLICATE_INTERNAL_LINK","bangkok-coworking-guide.html","Target linked 2 times on this page."
"bridgetown-coworking-guide.html","DUPLICATE_INTERNAL_LINK","about.html","Target linked 2 times on this page."
"bridgetown-coworking-guide.html","DUPLICATE_INTERNAL_LINK","comparison.html","Target linked 4 times on this page."
"bridgetown-podcast-proposal.html","DUPLICATE_INTERNAL_LINK","index.html","Target linked 5 times on this page."
"bridgetown-podcast-proposal.html","DUPLICATE_INTERNAL_LINK","index2.html","Target linked 2 times on this page."
"bridgetown-podcast-proposal.html","DUPLICATE_INTERNAL_LINK","comparison.html","Target linked 2 times on this page."
"bridgetown-podcast-proposal.html","DUPLICATE_INTERNAL_LINK","about.html","Target linked 2 times on this page."
"bridgetown-podcast-proposal.html","DUPLICATE_INTERNAL_LINK","podcasts.html","Target linked 3 times on this page."
"brisbane-comparison.html","DUPLICATE_INTERNAL_LINK","index.html","Target linked 4 times on this page."
"brisbane-comparison.html","DUPLICATE_INTERNAL_LINK","index2.html","Target linked 2 times on this page."
"brisbane-comparison.html","DUPLICATE_INTERNAL_LINK","comparison.html","Target linked 3 times on this page."
"brisbane-comparison.html","DUPLICATE_INTERNAL_LINK","podcasts.html","Target linked 2 times on this page."
"brisbane-coworking-guide.html","DUPLICATE_INTERNAL_LINK","about.html","Target linked 2 times on this page."
"brisbane-coworking-guide.html","DUPLICATE_INTERNAL_LINK","index2.html","Target linked 6 times on this page."
"brisbane-coworking-guide.html","DUPLICATE_INTERNAL_LINK","comparison.html","Target linked 4 times on this page."
"brisbane-coworking-guide.html","DUPLICATE_INTERNAL_LINK","index.html","Target linked 5 times on this page."
"brisbane-podcast-proposal.html","DUPLICATE_INTERNAL_LINK","index.html","Target linked 5 times on this page."
"brisbane-podcast-proposal.html","DUPLICATE_INTERNAL_LINK","index2.html","Target linked 2 times on this page."
"brisbane-podcast-proposal.html","DUPLICATE_INTERNAL_LINK","comparison.html","Target linked 2 times on this page."
"brisbane-podcast-proposal.html","DUPLICATE_INTERNAL_LINK","about.html","Target linked 2 times on this page."
"brisbane-podcast-proposal.html","DUPLICATE_INTERNAL_LINK","podcasts.html","Target linked 3 times on this page."
"bristol-comparison.html","DUPLICATE_INTERNAL_LINK","index.html","Target linked 4 times on this page."
"bristol-comparison.html","DUPLICATE_INTERNAL_LINK","index2.html","Target linked 2 times on this page."
"bristol-comparison.html","DUPLICATE_INTERNAL_LINK","comparison.html","Target linked 3 times on this page."
"bristol-comparison.html","DUPLICATE_INTERNAL_LINK","podcasts.html","Target linked 2 times on this page."
"bristol-coworking-guide.html","DUPLICATE_INTERNAL_LINK","about.html","Target linked 2 times on this page."
"bristol-coworking-guide.html","DUPLICATE_INTERNAL_LINK","index2.html","Target linked 6 times on this page."
"bristol-coworking-guide.html","DUPLICATE_INTERNAL_LINK","comparison.html","Target linked 4 times on this page."
"bristol-coworking-guide.html","DUPLICATE_INTERNAL_LINK","index.html","Target linked 5 times on this page."
"bristol-podcast-proposal.html","DUPLICATE_INTERNAL_LINK","index.html","Target linked 5 times on this page."
"bristol-podcast-proposal.html","DUPLICATE_INTERNAL_LINK","index2.html","Target linked 2 times on this page."
"bristol-podcast-proposal.html","DUPLICATE_INTERNAL_LINK","comparison.html","Target linked 2 times on this page."
"bristol-podcast-proposal.html","DUPLICATE_INTERNAL_LINK","about.html","Target linked 2 times on this page."
"bristol-podcast-proposal.html","DUPLICATE_INTERNAL_LINK","podcasts.html","Target linked 3 times on this page."
"brussels-comparison.html","DUPLICATE_INTERNAL_LINK","index.html","Target linked 4 times on this page."
"brussels-comparison.html","DUPLICATE_INTERNAL_LINK","index2.html","Target linked 2 times on this page."
"brussels-comparison.html","DUPLICATE_INTERNAL_LINK","comparison.html","Target linked 3 times on this page."
"brussels-comparison.html","DUPLICATE_INTERNAL_LINK","podcasts.html","Target linked 2 times on this page."
"brussels-coworking-guide.html","DUPLICATE_INTERNAL_LINK","about.html","Target linked 2 times on this page."
"brussels-coworking-guide.html","DUPLICATE_INTERNAL_LINK","index2.html","Target linked 6 times on this page."
"brussels-coworking-guide.html","DUPLICATE_INTERNAL_LINK","comparison.html","Target linked 4 times on this page."
"brussels-coworking-guide.html","DUPLICATE_INTERNAL_LINK","index.html","Target linked 5 times on this page."
"brussels-podcast-proposal.html","BROKEN_LINK","regions/western-europe.html","Target HTML file does not exist in workspace."
"brussels-podcast-proposal.html","DUPLICATE_INTERNAL_LINK","about.html","Target linked 2 times on this page."
"brussels-podcast-proposal.html","DUPLICATE_INTERNAL_LINK","podcasts.html","Target linked 2 times on this page."
"brussels-podcast-proposal.html","DUPLICATE_INTERNAL_LINK","index.html","Target linked 2 times on this page."
"bucharest-podcast-proposal.html","BROKEN_LINK","regions/uk-eastern-europe.html","Target HTML file does not exist in workspace."
"bucharest-podcast-proposal.html","DUPLICATE_INTERNAL_LINK","about.html","Target linked 2 times on this page."
"bucharest-podcast-proposal.html","DUPLICATE_INTERNAL_LINK","podcasts.html","Target linked 2 times on this page."
"bucharest-podcast-proposal.html","DUPLICATE_INTERNAL_LINK","index.html","Target linked 2 times on this page."
"budapest-comparison.html","DUPLICATE_INTERNAL_LINK","index.html","Target linked 4 times on this page."
"budapest-comparison.html","DUPLICATE_INTERNAL_LINK","index2.html","Target linked 2 times on this page."
"budapest-comparison.html","DUPLICATE_INTERNAL_LINK","comparison.html","Target linked 3 times on this page."
"budapest-comparison.html","DUPLICATE_INTERNAL_LINK","podcasts.html","Target linked 2 times on this page."
"budapest-coworking-guide.html","DUPLICATE_INTERNAL_LINK","index.html","Target linked 5 times on this page."
"budapest-coworking-guide.html","DUPLICATE_INTERNAL_LINK","index2.html","Target linked 6 times on this page."
"budapest-coworking-guide.html","DUPLICATE_INTERNAL_LINK","comparison.html","Target linked 4 times on this page."
"budapest-coworking-guide.html","DUPLICATE_INTERNAL_LINK","prague-coworking-guide.html","Target linked 2 times on this page."
"budapest-podcast-proposal.html","BROKEN_LINK","regions/uk-eastern-europe.html","Target HTML file does not exist in workspace."
"budapest-podcast-proposal.html","DUPLICATE_INTERNAL_LINK","podcasts.html","Target linked 2 times on this page."
"budapest-podcast-proposal.html","DUPLICATE_INTERNAL_LINK","index.html","Target linked 2 times on this page."
"buenos-aires-comparison.html","DUPLICATE_INTERNAL_LINK","index.html","Target linked 4 times on this page."
"buenos-aires-comparison.html","DUPLICATE_INTERNAL_LINK","index2.html","Target linked 2 times on this page."
"buenos-aires-comparison.html","DUPLICATE_INTERNAL_LINK","comparison.html","Target linked 3 times on this page."
"buenos-aires-comparison.html","DUPLICATE_INTERNAL_LINK","podcasts.html","Target linked 2 times on this page."
"buenos-aires-coworking-guide.html","DUPLICATE_INTERNAL_LINK","index.html","Target linked 5 times on this page."
"buenos-aires-coworking-guide.html","DUPLICATE_INTERNAL_LINK","index2.html","Target linked 6 times on this page."
"buenos-aires-coworking-guide.html","DUPLICATE_INTERNAL_LINK","comparison.html","Target linked 4 times on this page."
"buenos-aires-coworking-guide.html","DUPLICATE_INTERNAL_LINK","mexico-city-coworking-guide.html","Target linked 2 times on this page."
"buenos-aires-podcast-proposal.html","BROKEN_LINK","regions/south-america.html","Target HTML file does not exist in workspace."
"buenos-aires-podcast-proposal.html","DUPLICATE_INTERNAL_LINK","about.html","Target linked 2 times on this page."
"buenos-aires-podcast-proposal.html","DUPLICATE_INTERNAL_LINK","podcasts.html","Target linked 2 times on this page."
"buenos-aires-podcast-proposal.html","DUPLICATE_INTERNAL_LINK","index.html","Target linked 2 times on this page."
"bursa-podcast-proposal.html","BROKEN_LINK","regions/middle-east.html","Target HTML file does not exist in workspace."
"bursa-podcast-proposal.html","DUPLICATE_INTERNAL_LINK","about.html","Target linked 2 times on this page."
"bursa-podcast-proposal.html","DUPLICATE_INTERNAL_LINK","podcasts.html","Target linked 2 times on this page."
"bursa-podcast-proposal.html","DUPLICATE_INTERNAL_LINK","index.html","Target linked 2 times on this page."
"busan-comparison.html","DUPLICATE_INTERNAL_LINK","index.html","Target linked 4 times on this page."
"busan-comparison.html","DUPLICATE_INTERNAL_LINK","index2.html","Target linked 2 times on this page."
"busan-comparison.html","DUPLICATE_INTERNAL_LINK","comparison.html","Target linked 3 times on this page."
"busan-comparison.html","DUPLICATE_INTERNAL_LINK","podcasts.html","Target linked 2 times on this page."
"busan-coworking-guide.html","DUPLICATE_INTERNAL_LINK","index.html","Target linked 5 times on this page."
"busan-coworking-guide.html","DUPLICATE_INTERNAL_LINK","index2.html","Target linked 6 times on this page."
"busan-coworking-guide.html","DUPLICATE_INTERNAL_LINK","bangkok-coworking-guide.html","Target linked 2 times on this page."
"busan-coworking-guide.html","DUPLICATE_INTERNAL_LINK","about.html","Target linked 2 times on this page."
"busan-coworking-guide.html","DUPLICATE_INTERNAL_LINK","comparison.html","Target linked 4 times on this page."
"busan-podcast-proposal.html","BROKEN_LINK","regions/east-asia.html","Target HTML file does not exist in workspace."
"busan-podcast-proposal.html","DUPLICATE_INTERNAL_LINK","about.html","Target linked 2 times on this page."
"busan-podcast-proposal.html","DUPLICATE_INTERNAL_LINK","podcasts.html","Target linked 2 times on this page."
"busan-podcast-proposal.html","DUPLICATE_INTERNAL_LINK","index.html","Target linked 2 times on this page."
"cairo-comparison.html","DUPLICATE_INTERNAL_LINK","index.html","Target linked 4 times on this page."
"cairo-comparison.html","DUPLICATE_INTERNAL_LINK","index2.html","Target linked 2 times on this page."
"cairo-comparison.html","DUPLICATE_INTERNAL_LINK","comparison.html","Target linked 3 times on this page."
"cairo-comparison.html","DUPLICATE_INTERNAL_LINK","podcasts.html","Target linked 2 times on this page."
"cairo-coworking-guide.html","DUPLICATE_INTERNAL_LINK","about.html","Target linked 2 times on this page."
"cairo-coworking-guide.html","DUPLICATE_INTERNAL_LINK","index2.html","Target linked 6 times on this page."
"cairo-coworking-guide.html","DUPLICATE_INTERNAL_LINK","comparison.html","Target linked 4 times on this page."
"cairo-coworking-guide.html","DUPLICATE_INTERNAL_LINK","index.html","Target linked 5 times on this page."
"cairo-podcast-proposal.html","BROKEN_LINK","regions/africa.html","Target HTML file does not exist in workspace."
"cairo-podcast-proposal.html","DUPLICATE_INTERNAL_LINK","about.html","Target linked 2 times on this page."
"cairo-podcast-proposal.html","DUPLICATE_INTERNAL_LINK","index.html","Target linked 2 times on this page."
"cairo-podcast-proposal.html","DUPLICATE_INTERNAL_LINK","podcasts.html","Target linked 2 times on this page."
"calgary-comparison.html","DUPLICATE_INTERNAL_LINK","index.html","Target linked 4 times on this page."
"calgary-comparison.html","DUPLICATE_INTERNAL_LINK","index2.html","Target linked 2 times on this page."
"calgary-comparison.html","DUPLICATE_INTERNAL_LINK","comparison.html","Target linked 3 times on this page."
"calgary-comparison.html","DUPLICATE_INTERNAL_LINK","podcasts.html","Target linked 2 times on this page."
"calgary-coworking-guide.html","DUPLICATE_INTERNAL_LINK","about.html","Target linked 2 times on this page."
"calgary-coworking-guide.html","DUPLICATE_INTERNAL_LINK","index2.html","Target linked 6 times on this page."
"calgary-coworking-guide.html","DUPLICATE_INTERNAL_LINK","comparison.html","Target linked 4 times on this page."
"calgary-coworking-guide.html","DUPLICATE_INTERNAL_LINK","index.html","Target linked 5 times on this page."
"calgary-podcast-proposal.html","BROKEN_LINK","regions/north-america.html","Target HTML file does not exist in workspace."
"calgary-podcast-proposal.html","DUPLICATE_INTERNAL_LINK","about.html","Target linked 2 times on this page."
"calgary-podcast-proposal.html","DUPLICATE_INTERNAL_LINK","podcasts.html","Target linked 2 times on this page."
"calgary-podcast-proposal.html","DUPLICATE_INTERNAL_LINK","index.html","Target linked 2 times on this page."
"cali-podcast-proposal.html","BROKEN_LINK","regions/south-america.html","Target HTML file does not exist in workspace."
"cali-podcast-proposal.html","DUPLICATE_INTERNAL_LINK","about.html","Target linked 2 times on this page."
"cali-podcast-proposal.html","DUPLICATE_INTERNAL_LINK","podcasts.html","Target linked 2 times on this page."
"cali-podcast-proposal.html","DUPLICATE_INTERNAL_LINK","index.html","Target linked 2 times on this page."
"cape-town-comparison.html","DUPLICATE_INTERNAL_LINK","index.html","Target linked 4 times on this page."
"cape-town-comparison.html","DUPLICATE_INTERNAL_LINK","index2.html","Target linked 2 times on this page."
"cape-town-comparison.html","DUPLICATE_INTERNAL_LINK","comparison.html","Target linked 3 times on this page."
"cape-town-comparison.html","DUPLICATE_INTERNAL_LINK","podcasts.html","Target linked 2 times on this page."
"cape-town-coworking-guide.html","DUPLICATE_INTERNAL_LINK","about.html","Target linked 2 times on this page."
"cape-town-coworking-guide.html","DUPLICATE_INTERNAL_LINK","index2.html","Target linked 6 times on this page."
"cape-town-coworking-guide.html","DUPLICATE_INTERNAL_LINK","comparison.html","Target linked 4 times on this page."
"cape-town-coworking-guide.html","DUPLICATE_INTERNAL_LINK","index.html","Target linked 5 times on this page."
"cape-town-podcast-proposal.html","BROKEN_LINK","regions/africa.html","Target HTML file does not exist in workspace."
"cape-town-podcast-proposal.html","DUPLICATE_INTERNAL_LINK","about.html","Target linked 2 times on this page."
"cape-town-podcast-proposal.html","DUPLICATE_INTERNAL_LINK","index.html","Target linked 2 times on this page."
"cape-town-podcast-proposal.html","DUPLICATE_INTERNAL_LINK","podcasts.html","Target linked 2 times on this page."
"caracas-comparison.html","DUPLICATE_INTERNAL_LINK","index.html","Target linked 4 times on this page."
"caracas-comparison.html","DUPLICATE_INTERNAL_LINK","index2.html","Target linked 2 times on this page."
"caracas-comparison.html","DUPLICATE_INTERNAL_LINK","comparison.html","Target linked 3 times on this page."
"caracas-comparison.html","DUPLICATE_INTERNAL_LINK","podcasts.html","Target linked 2 times on this page."
"caracas-coworking-guide.html","DUPLICATE_INTERNAL_LINK","about.html","Target linked 2 times on this page."
"caracas-coworking-guide.html","DUPLICATE_INTERNAL_LINK","index2.html","Target linked 6 times on this page."
"caracas-coworking-guide.html","DUPLICATE_INTERNAL_LINK","comparison.html","Target linked 4 times on this page."
"caracas-coworking-guide.html","DUPLICATE_INTERNAL_LINK","index.html","Target linked 5 times on this page."
"caracas-podcast-proposal.html","DUPLICATE_INTERNAL_LINK","index.html","Target linked 5 times on this page."
"caracas-podcast-proposal.html","DUPLICATE_INTERNAL_LINK","index2.html","Target linked 2 times on this page."
"caracas-podcast-proposal.html","DUPLICATE_INTERNAL_LINK","comparison.html","Target linked 2 times on this page."
"caracas-podcast-proposal.html","DUPLICATE_INTERNAL_LINK","podcasts.html","Target linked 3 times on this page."
"caracas-podcast-proposal.html","DUPLICATE_INTERNAL_LINK","about.html","Target linked 2 times on this page."
"cardiff-podcast-proposal.html","BROKEN_LINK","regions/uk-eastern-europe.html","Target HTML file does not exist in workspace."
"cardiff-podcast-proposal.html","DUPLICATE_INTERNAL_LINK","about.html","Target linked 2 times on this page."
"cardiff-podcast-proposal.html","DUPLICATE_INTERNAL_LINK","podcasts.html","Target linked 2 times on this page."
"cardiff-podcast-proposal.html","DUPLICATE_INTERNAL_LINK","index.html","Target linked 2 times on this page."
"cartagena-creator-interview.html","DUPLICATE_INTERNAL_LINK","index.html","Target linked 4 times on this page."
"cartagena-creator-interview.html","DUPLICATE_INTERNAL_LINK","index2.html","Target linked 4 times on this page."
"cartagena-creator-interview.html","DUPLICATE_INTERNAL_LINK","comparison.html","Target linked 3 times on this page."
"cartagena-creator-interview.html","DUPLICATE_INTERNAL_LINK","about.html","Target linked 5 times on this page."
"cartagena-creator-interview.html","DUPLICATE_INTERNAL_LINK","podcasts.html","Target linked 3 times on this page."
"cartagena-podcast-proposal.html","BROKEN_LINK","regions/south-america.html","Target HTML file does not exist in workspace."
"cartagena-podcast-proposal.html","DUPLICATE_INTERNAL_LINK","about.html","Target linked 2 times on this page."
"cartagena-podcast-proposal.html","DUPLICATE_INTERNAL_LINK","podcasts.html","Target linked 2 times on this page."
"cartagena-podcast-proposal.html","DUPLICATE_INTERNAL_LINK","index.html","Target linked 2 times on this page."
"casablanca-comparison.html","DUPLICATE_INTERNAL_LINK","index.html","Target linked 4 times on this page."
"casablanca-comparison.html","DUPLICATE_INTERNAL_LINK","index2.html","Target linked 2 times on this page."
"casablanca-comparison.html","DUPLICATE_INTERNAL_LINK","comparison.html","Target linked 3 times on this page."
"casablanca-comparison.html","DUPLICATE_INTERNAL_LINK","podcasts.html","Target linked 2 times on this page."
"casablanca-coworking-guide.html","DUPLICATE_INTERNAL_LINK","about.html","Target linked 2 times on this page."
"casablanca-coworking-guide.html","DUPLICATE_INTERNAL_LINK","index2.html","Target linked 6 times on this page."
"casablanca-coworking-guide.html","DUPLICATE_INTERNAL_LINK","comparison.html","Target linked 4 times on this page."
"casablanca-coworking-guide.html","DUPLICATE_INTERNAL_LINK","index.html","Target linked 5 times on this page."
"casablanca-podcast-proposal.html","BROKEN_LINK","regions/africa.html","Target HTML file does not exist in workspace."
"casablanca-podcast-proposal.html","DUPLICATE_INTERNAL_LINK","about.html","Target linked 2 times on this page."
"casablanca-podcast-proposal.html","DUPLICATE_INTERNAL_LINK","index.html","Target linked 2 times on this page."
"casablanca-podcast-proposal.html","DUPLICATE_INTERNAL_LINK","podcasts.html","Target linked 2 times on this page."
"cebu-podcast-proposal.html","BROKEN_LINK","regions/southeast-asia.html","Target HTML file does not exist in workspace."
"cebu-podcast-proposal.html","DUPLICATE_INTERNAL_LINK","about.html","Target linked 2 times on this page."
"cebu-podcast-proposal.html","DUPLICATE_INTERNAL_LINK","podcasts.html","Target linked 2 times on this page."
"cebu-podcast-proposal.html","DUPLICATE_INTERNAL_LINK","index.html","Target linked 2 times on this page."
"chengdu-podcast-proposal.html","BROKEN_LINK","regions/east-asia.html","Target HTML file does not exist in workspace."
"chengdu-podcast-proposal.html","DUPLICATE_INTERNAL_LINK","about.html","Target linked 2 times on this page."
"chengdu-podcast-proposal.html","DUPLICATE_INTERNAL_LINK","podcasts.html","Target linked 2 times on this page."
"chengdu-podcast-proposal.html","DUPLICATE_INTERNAL_LINK","index.html","Target linked 2 times on this page."
"chennai-podcast-proposal.html","BROKEN_LINK","regions/south-asia.html","Target HTML file does not exist in workspace."
"chennai-podcast-proposal.html","DUPLICATE_INTERNAL_LINK","about.html","Target linked 2 times on this page."
"chennai-podcast-proposal.html","DUPLICATE_INTERNAL_LINK","index.html","Target linked 2 times on this page."
"chennai-podcast-proposal.html","DUPLICATE_INTERNAL_LINK","podcasts.html","Target linked 2 times on this page."
"chiang-mai-podcast-proposal.html","BROKEN_LINK","regions/southeast-asia.html","Target HTML file does not exist in workspace."
"chiang-mai-podcast-proposal.html","DUPLICATE_INTERNAL_LINK","about.html","Target linked 2 times on this page."
"chiang-mai-podcast-proposal.html","DUPLICATE_INTERNAL_LINK","podcasts.html","Target linked 2 times on this page."
"chiang-mai-podcast-proposal.html","DUPLICATE_INTERNAL_LINK","index.html","Target linked 2 times on this page."
"chiang-mai-vs-barcelona-digital-nomad.html","DUPLICATE_INTERNAL_LINK","index.html","Target linked 3 times on this page."
"chiang-mai-vs-barcelona-digital-nomad.html","DUPLICATE_INTERNAL_LINK","index2.html","Target linked 2 times on this page."
"chiang-mai-vs-barcelona-digital-nomad.html","DUPLICATE_INTERNAL_LINK","comparison.html","Target linked 2 times on this page."
"chiang-mai-vs-barcelona-digital-nomad.html","DUPLICATE_INTERNAL_LINK","about.html","Target linked 2 times on this page."
"chiang-mai-vs-berlin-digital-nomad.html","DUPLICATE_INTERNAL_LINK","index.html","Target linked 3 times on this page."
"chiang-mai-vs-berlin-digital-nomad.html","DUPLICATE_INTERNAL_LINK","index2.html","Target linked 2 times on this page."
"chiang-mai-vs-berlin-digital-nomad.html","DUPLICATE_INTERNAL_LINK","comparison.html","Target linked 2 times on this page."
"chiang-mai-vs-berlin-digital-nomad.html","DUPLICATE_INTERNAL_LINK","about.html","Target linked 2 times on this page."
"chiang-mai-vs-mexico-city-digital-nomad.html","DUPLICATE_INTERNAL_LINK","index.html","Target linked 3 times on this page."
"chiang-mai-vs-mexico-city-digital-nomad.html","DUPLICATE_INTERNAL_LINK","index2.html","Target linked 2 times on this page."
"chiang-mai-vs-mexico-city-digital-nomad.html","DUPLICATE_INTERNAL_LINK","comparison.html","Target linked 2 times on this page."
"chiang-mai-vs-mexico-city-digital-nomad.html","DUPLICATE_INTERNAL_LINK","about.html","Target linked 2 times on this page."
"chiang-mai-vs-tbilisi-digital-nomad.html","DUPLICATE_INTERNAL_LINK","index.html","Target linked 3 times on this page."
"chiang-mai-vs-tbilisi-digital-nomad.html","DUPLICATE_INTERNAL_LINK","index2.html","Target linked 2 times on this page."
"chiang-mai-vs-tbilisi-digital-nomad.html","DUPLICATE_INTERNAL_LINK","comparison.html","Target linked 2 times on this page."
"chiang-mai-vs-tbilisi-digital-nomad.html","DUPLICATE_INTERNAL_LINK","about.html","Target linked 2 times on this page."
"chiang-mai-vs-tokyo-digital-nomad.html","DUPLICATE_INTERNAL_LINK","index.html","Target linked 3 times on this page."
"chiang-mai-vs-tokyo-digital-nomad.html","DUPLICATE_INTERNAL_LINK","index2.html","Target linked 2 times on this page."
"chiang-mai-vs-tokyo-digital-nomad.html","DUPLICATE_INTERNAL_LINK","comparison.html","Target linked 2 times on this page."
"chiang-mai-vs-tokyo-digital-nomad.html","DUPLICATE_INTERNAL_LINK","about.html","Target linked 2 times on this page."
"chicago-comparison.html","DUPLICATE_INTERNAL_LINK","index.html","Target linked 4 times on this page."
"chicago-comparison.html","DUPLICATE_INTERNAL_LINK","index2.html","Target linked 2 times on this page."
"chicago-comparison.html","DUPLICATE_INTERNAL_LINK","comparison.html","Target linked 3 times on this page."
"chicago-comparison.html","DUPLICATE_INTERNAL_LINK","podcasts.html","Target linked 2 times on this page."
"chicago-coworking-guide.html","DUPLICATE_INTERNAL_LINK","about.html","Target linked 2 times on this page."
"chicago-coworking-guide.html","DUPLICATE_INTERNAL_LINK","index2.html","Target linked 6 times on this page."
"chicago-coworking-guide.html","DUPLICATE_INTERNAL_LINK","comparison.html","Target linked 4 times on this page."
"chicago-coworking-guide.html","DUPLICATE_INTERNAL_LINK","index.html","Target linked 5 times on this page."
"chicago-podcast-proposal.html","BROKEN_LINK","regions/north-america.html","Target HTML file does not exist in workspace."
"chicago-podcast-proposal.html","DUPLICATE_INTERNAL_LINK","about.html","Target linked 2 times on this page."
"chicago-podcast-proposal.html","DUPLICATE_INTERNAL_LINK","podcasts.html","Target linked 2 times on this page."
"chicago-podcast-proposal.html","DUPLICATE_INTERNAL_LINK","index.html","Target linked 2 times on this page."
"chisinau-comparison.html","DUPLICATE_INTERNAL_LINK","index.html","Target linked 4 times on this page."
"chisinau-comparison.html","DUPLICATE_INTERNAL_LINK","index2.html","Target linked 2 times on this page."
"chisinau-comparison.html","DUPLICATE_INTERNAL_LINK","comparison.html","Target linked 3 times on this page."
"chisinau-comparison.html","DUPLICATE_INTERNAL_LINK","podcasts.html","Target linked 2 times on this page."
"chisinau-coworking-guide.html","DUPLICATE_INTERNAL_LINK","about.html","Target linked 2 times on this page."
"chisinau-coworking-guide.html","DUPLICATE_INTERNAL_LINK","index2.html","Target linked 6 times on this page."
"chisinau-coworking-guide.html","DUPLICATE_INTERNAL_LINK","comparison.html","Target linked 4 times on this page."
"chisinau-coworking-guide.html","DUPLICATE_INTERNAL_LINK","index.html","Target linked 5 times on this page."
"chisinau-podcast-proposal.html","DUPLICATE_INTERNAL_LINK","index.html","Target linked 5 times on this page."
"chisinau-podcast-proposal.html","DUPLICATE_INTERNAL_LINK","index2.html","Target linked 2 times on this page."
"chisinau-podcast-proposal.html","DUPLICATE_INTERNAL_LINK","comparison.html","Target linked 2 times on this page."
"chisinau-podcast-proposal.html","DUPLICATE_INTERNAL_LINK","about.html","Target linked 2 times on this page."
"chisinau-podcast-proposal.html","DUPLICATE_INTERNAL_LINK","podcasts.html","Target linked 3 times on this page."
"christchurch-comparison.html","DUPLICATE_INTERNAL_LINK","index.html","Target linked 4 times on this page."
"christchurch-comparison.html","DUPLICATE_INTERNAL_LINK","index2.html","Target linked 2 times on this page."
"christchurch-comparison.html","DUPLICATE_INTERNAL_LINK","comparison.html","Target linked 3 times on this page."
"christchurch-comparison.html","DUPLICATE_INTERNAL_LINK","podcasts.html","Target linked 2 times on this page."
"christchurch-coworking-guide.html","DUPLICATE_INTERNAL_LINK","about.html","Target linked 2 times on this page."
"christchurch-coworking-guide.html","DUPLICATE_INTERNAL_LINK","index2.html","Target linked 6 times on this page."
"christchurch-coworking-guide.html","DUPLICATE_INTERNAL_LINK","comparison.html","Target linked 4 times on this page."
"christchurch-coworking-guide.html","DUPLICATE_INTERNAL_LINK","index.html","Target linked 5 times on this page."
"christchurch-podcast-proposal.html","DUPLICATE_INTERNAL_LINK","index.html","Target linked 5 times on this page."
"christchurch-podcast-proposal.html","DUPLICATE_INTERNAL_LINK","index2.html","Target linked 2 times on this page."
"christchurch-podcast-proposal.html","DUPLICATE_INTERNAL_LINK","about.html","Target linked 2 times on this page."
"christchurch-podcast-proposal.html","DUPLICATE_INTERNAL_LINK","comparison.html","Target linked 2 times on this page."
"christchurch-podcast-proposal.html","DUPLICATE_INTERNAL_LINK","podcasts.html","Target linked 3 times on this page."
"ciudad-juarez-comparison.html","DUPLICATE_INTERNAL_LINK","index.html","Target linked 4 times on this page."
"ciudad-juarez-comparison.html","DUPLICATE_INTERNAL_LINK","index2.html","Target linked 2 times on this page."
"ciudad-juarez-comparison.html","DUPLICATE_INTERNAL_LINK","comparison.html","Target linked 3 times on this page."
"ciudad-juarez-comparison.html","DUPLICATE_INTERNAL_LINK","podcasts.html","Target linked 2 times on this page."
"ciudad-juarez-coworking-guide.html","DUPLICATE_INTERNAL_LINK","about.html","Target linked 2 times on this page."
"ciudad-juarez-coworking-guide.html","DUPLICATE_INTERNAL_LINK","index2.html","Target linked 6 times on this page."
"ciudad-juarez-coworking-guide.html","DUPLICATE_INTERNAL_LINK","comparison.html","Target linked 4 times on this page."
"ciudad-juarez-coworking-guide.html","DUPLICATE_INTERNAL_LINK","index.html","Target linked 5 times on this page."
"ciudad-juarez-podcast-proposal.html","DUPLICATE_INTERNAL_LINK","index.html","Target linked 5 times on this page."
"ciudad-juarez-podcast-proposal.html","DUPLICATE_INTERNAL_LINK","index2.html","Target linked 2 times on this page."
"ciudad-juarez-podcast-proposal.html","DUPLICATE_INTERNAL_LINK","comparison.html","Target linked 2 times on this page."
"ciudad-juarez-podcast-proposal.html","DUPLICATE_INTERNAL_LINK","about.html","Target linked 2 times on this page."
"ciudad-juarez-podcast-proposal.html","DUPLICATE_INTERNAL_LINK","podcasts.html","Target linked 3 times on this page."
"cluj-napoca-podcast-proposal.html","BROKEN_LINK","regions/uk-eastern-europe.html","Target HTML file does not exist in workspace."
"cluj-napoca-podcast-proposal.html","DUPLICATE_INTERNAL_LINK","about.html","Target linked 2 times on this page."
"cluj-napoca-podcast-proposal.html","DUPLICATE_INTERNAL_LINK","podcasts.html","Target linked 2 times on this page."
"cluj-napoca-podcast-proposal.html","DUPLICATE_INTERNAL_LINK","index.html","Target linked 2 times on this page."
"cologne-comparison.html","DUPLICATE_INTERNAL_LINK","index.html","Target linked 4 times on this page."
"cologne-comparison.html","DUPLICATE_INTERNAL_LINK","index2.html","Target linked 2 times on this page."
"cologne-comparison.html","DUPLICATE_INTERNAL_LINK","comparison.html","Target linked 3 times on this page."
"cologne-comparison.html","DUPLICATE_INTERNAL_LINK","podcasts.html","Target linked 2 times on this page."
"cologne-coworking-guide.html","DUPLICATE_INTERNAL_LINK","about.html","Target linked 2 times on this page."
"cologne-coworking-guide.html","DUPLICATE_INTERNAL_LINK","index2.html","Target linked 6 times on this page."
"cologne-coworking-guide.html","DUPLICATE_INTERNAL_LINK","comparison.html","Target linked 4 times on this page."
"cologne-coworking-guide.html","DUPLICATE_INTERNAL_LINK","index.html","Target linked 5 times on this page."
"cologne-podcast-proposal.html","DUPLICATE_INTERNAL_LINK","index.html","Target linked 5 times on this page."
"cologne-podcast-proposal.html","DUPLICATE_INTERNAL_LINK","index2.html","Target linked 2 times on this page."
"cologne-podcast-proposal.html","DUPLICATE_INTERNAL_LINK","comparison.html","Target linked 2 times on this page."
"cologne-podcast-proposal.html","DUPLICATE_INTERNAL_LINK","about.html","Target linked 2 times on this page."
"cologne-podcast-proposal.html","DUPLICATE_INTERNAL_LINK","podcasts.html","Target linked 3 times on this page."
"colombo-comparison.html","DUPLICATE_INTERNAL_LINK","index.html","Target linked 4 times on this page."
"colombo-comparison.html","DUPLICATE_INTERNAL_LINK","index2.html","Target linked 2 times on this page."
"colombo-comparison.html","DUPLICATE_INTERNAL_LINK","comparison.html","Target linked 3 times on this page."
"colombo-comparison.html","DUPLICATE_INTERNAL_LINK","podcasts.html","Target linked 2 times on this page."
"colombo-coworking-guide.html","DUPLICATE_INTERNAL_LINK","index2.html","Target linked 6 times on this page."
"colombo-coworking-guide.html","DUPLICATE_INTERNAL_LINK","bangkok-coworking-guide.html","Target linked 2 times on this page."
"colombo-coworking-guide.html","DUPLICATE_INTERNAL_LINK","index.html","Target linked 5 times on this page."
"colombo-coworking-guide.html","DUPLICATE_INTERNAL_LINK","comparison.html","Target linked 4 times on this page."
"colombo-coworking-guide.html","DUPLICATE_INTERNAL_LINK","about.html","Target linked 2 times on this page."
"colombo-podcast-proposal.html","BROKEN_LINK","regions/south-asia.html","Target HTML file does not exist in workspace."
"colombo-podcast-proposal.html","DUPLICATE_INTERNAL_LINK","about.html","Target linked 2 times on this page."
"colombo-podcast-proposal.html","DUPLICATE_INTERNAL_LINK","index.html","Target linked 2 times on this page."
"colombo-podcast-proposal.html","DUPLICATE_INTERNAL_LINK","podcasts.html","Target linked 2 times on this page."
"compare.html","DUPLICATE_INTERNAL_LINK","index.html","Target linked 3 times on this page."
"compare.html","DUPLICATE_INTERNAL_LINK","comparison.html","Target linked 2 times on this page."
"compare.html","DUPLICATE_INTERNAL_LINK","index2.html","Target linked 2 times on this page."
"compare.html","DUPLICATE_INTERNAL_LINK","about.html","Target linked 2 times on this page."
"comparison.html","DUPLICATE_INTERNAL_LINK","comparison.html","Target linked 2 times on this page."
"comparison.html","DUPLICATE_INTERNAL_LINK","podcasts.html","Target linked 2 times on this page."
"comparison.html","DUPLICATE_INTERNAL_LINK","index.html","Target linked 3 times on this page."
"comparison.html","DUPLICATE_INTERNAL_LINK","index2.html","Target linked 2 times on this page."
"copenhagen-comparison.html","DUPLICATE_INTERNAL_LINK","index.html","Target linked 4 times on this page."
"copenhagen-comparison.html","DUPLICATE_INTERNAL_LINK","index2.html","Target linked 2 times on this page."
"copenhagen-comparison.html","DUPLICATE_INTERNAL_LINK","podcasts.html","Target linked 2 times on this page."
"copenhagen-comparison.html","DUPLICATE_INTERNAL_LINK","comparison.html","Target linked 3 times on this page."
"copenhagen-coworking-guide.html","DUPLICATE_INTERNAL_LINK","about.html","Target linked 2 times on this page."
"copenhagen-coworking-guide.html","DUPLICATE_INTERNAL_LINK","index2.html","Target linked 6 times on this page."
"copenhagen-coworking-guide.html","DUPLICATE_INTERNAL_LINK","comparison.html","Target linked 4 times on this page."
"copenhagen-coworking-guide.html","DUPLICATE_INTERNAL_LINK","index.html","Target linked 5 times on this page."
"copenhagen-podcast-proposal.html","DUPLICATE_INTERNAL_LINK","index.html","Target linked 5 times on this page."
"copenhagen-podcast-proposal.html","DUPLICATE_INTERNAL_LINK","index2.html","Target linked 2 times on this page."
"copenhagen-podcast-proposal.html","DUPLICATE_INTERNAL_LINK","podcasts.html","Target linked 3 times on this page."
"copenhagen-podcast-proposal.html","DUPLICATE_INTERNAL_LINK","comparison.html","Target linked 2 times on this page."
"copenhagen-podcast-proposal.html","DUPLICATE_INTERNAL_LINK","about.html","Target linked 2 times on this page."
"cordoba-podcast-proposal.html","BROKEN_LINK","regions/south-america.html","Target HTML file does not exist in workspace."
"cordoba-podcast-proposal.html","DUPLICATE_INTERNAL_LINK","about.html","Target linked 2 times on this page."
"cordoba-podcast-proposal.html","DUPLICATE_INTERNAL_LINK","podcasts.html","Target linked 2 times on this page."
"cordoba-podcast-proposal.html","DUPLICATE_INTERNAL_LINK","index.html","Target linked 2 times on this page."
"create_silo_hubs.html","DUPLICATE_INTERNAL_LINK","index.html","Target linked 2 times on this page."
"create_silo_hubs.html","DUPLICATE_INTERNAL_LINK","about.html","Target linked 2 times on this page."
"cuenca-podcast-proposal.html","BROKEN_LINK","regions/south-america.html","Target HTML file does not exist in workspace."
"cuenca-podcast-proposal.html","DUPLICATE_INTERNAL_LINK","about.html","Target linked 2 times on this page."
"cuenca-podcast-proposal.html","DUPLICATE_INTERNAL_LINK","podcasts.html","Target linked 2 times on this page."
"cuenca-podcast-proposal.html","DUPLICATE_INTERNAL_LINK","index.html","Target linked 2 times on this page."
"curitiba-podcast-proposal.html","BROKEN_LINK","regions/south-america.html","Target HTML file does not exist in workspace."
"curitiba-podcast-proposal.html","DUPLICATE_INTERNAL_LINK","about.html","Target linked 2 times on this page."
"curitiba-podcast-proposal.html","DUPLICATE_INTERNAL_LINK","podcasts.html","Target linked 2 times on this page."
"curitiba-podcast-proposal.html","DUPLICATE_INTERNAL_LINK","index.html","Target linked 2 times on this page."
"cusco-podcast-proposal.html","BROKEN_LINK","regions/south-america.html","Target HTML file does not exist in workspace."
"cusco-podcast-proposal.html","DUPLICATE_INTERNAL_LINK","about.html","Target linked 2 times on this page."
"cusco-podcast-proposal.html","DUPLICATE_INTERNAL_LINK","podcasts.html","Target linked 2 times on this page."
"cusco-podcast-proposal.html","DUPLICATE_INTERNAL_LINK","index.html","Target linked 2 times on this page."
"da-nang-podcast-proposal.html","BROKEN_LINK","regions/southeast-asia.html","Target HTML file does not exist in workspace."
"da-nang-podcast-proposal.html","DUPLICATE_INTERNAL_LINK","about.html","Target linked 2 times on this page."
"da-nang-podcast-proposal.html","DUPLICATE_INTERNAL_LINK","podcasts.html","Target linked 2 times on this page."
"da-nang-podcast-proposal.html","DUPLICATE_INTERNAL_LINK","index.html","Target linked 2 times on this page."
"dakar-comparison.html","DUPLICATE_INTERNAL_LINK","index.html","Target linked 4 times on this page."
"dakar-comparison.html","DUPLICATE_INTERNAL_LINK","index2.html","Target linked 2 times on this page."
"dakar-comparison.html","DUPLICATE_INTERNAL_LINK","comparison.html","Target linked 3 times on this page."
"dakar-comparison.html","DUPLICATE_INTERNAL_LINK","podcasts.html","Target linked 2 times on this page."
"dakar-coworking-guide.html","DUPLICATE_INTERNAL_LINK","about.html","Target linked 2 times on this page."
"dakar-coworking-guide.html","DUPLICATE_INTERNAL_LINK","index2.html","Target linked 6 times on this page."
"dakar-coworking-guide.html","DUPLICATE_INTERNAL_LINK","comparison.html","Target linked 4 times on this page."
"dakar-coworking-guide.html","DUPLICATE_INTERNAL_LINK","index.html","Target linked 5 times on this page."
"dakar-podcast-proposal.html","BROKEN_LINK","regions/africa.html","Target HTML file does not exist in workspace."
"dakar-podcast-proposal.html","DUPLICATE_INTERNAL_LINK","about.html","Target linked 2 times on this page."
"dakar-podcast-proposal.html","DUPLICATE_INTERNAL_LINK","index.html","Target linked 2 times on this page."
"dakar-podcast-proposal.html","DUPLICATE_INTERNAL_LINK","podcasts.html","Target linked 2 times on this page."
"dallas-comparison.html","DUPLICATE_INTERNAL_LINK","index.html","Target linked 4 times on this page."
"dallas-comparison.html","DUPLICATE_INTERNAL_LINK","index2.html","Target linked 2 times on this page."
"dallas-comparison.html","DUPLICATE_INTERNAL_LINK","comparison.html","Target linked 3 times on this page."
"dallas-comparison.html","DUPLICATE_INTERNAL_LINK","podcasts.html","Target linked 2 times on this page."
"dallas-coworking-guide.html","DUPLICATE_INTERNAL_LINK","about.html","Target linked 2 times on this page."
"dallas-coworking-guide.html","DUPLICATE_INTERNAL_LINK","index2.html","Target linked 6 times on this page."
"dallas-coworking-guide.html","DUPLICATE_INTERNAL_LINK","comparison.html","Target linked 4 times on this page."
"dallas-coworking-guide.html","DUPLICATE_INTERNAL_LINK","index.html","Target linked 5 times on this page."
"dallas-podcast-proposal.html","DUPLICATE_INTERNAL_LINK","index.html","Target linked 5 times on this page."
"dallas-podcast-proposal.html","DUPLICATE_INTERNAL_LINK","index2.html","Target linked 2 times on this page."
"dallas-podcast-proposal.html","DUPLICATE_INTERNAL_LINK","comparison.html","Target linked 2 times on this page."
"dallas-podcast-proposal.html","DUPLICATE_INTERNAL_LINK","about.html","Target linked 2 times on this page."
"dallas-podcast-proposal.html","DUPLICATE_INTERNAL_LINK","podcasts.html","Target linked 3 times on this page."
"dammam-comparison.html","DUPLICATE_INTERNAL_LINK","index.html","Target linked 4 times on this page."
"dammam-comparison.html","DUPLICATE_INTERNAL_LINK","index2.html","Target linked 2 times on this page."
"dammam-comparison.html","DUPLICATE_INTERNAL_LINK","comparison.html","Target linked 3 times on this page."
"dammam-comparison.html","DUPLICATE_INTERNAL_LINK","podcasts.html","Target linked 2 times on this page."
"dammam-coworking-guide.html","DUPLICATE_INTERNAL_LINK","about.html","Target linked 2 times on this page."
"dammam-coworking-guide.html","DUPLICATE_INTERNAL_LINK","index2.html","Target linked 6 times on this page."
"dammam-coworking-guide.html","DUPLICATE_INTERNAL_LINK","comparison.html","Target linked 4 times on this page."
"dammam-coworking-guide.html","DUPLICATE_INTERNAL_LINK","index.html","Target linked 5 times on this page."
"dammam-podcast-proposal.html","DUPLICATE_INTERNAL_LINK","index.html","Target linked 5 times on this page."
"dammam-podcast-proposal.html","DUPLICATE_INTERNAL_LINK","index2.html","Target linked 2 times on this page."
"dammam-podcast-proposal.html","DUPLICATE_INTERNAL_LINK","comparison.html","Target linked 2 times on this page."
"dammam-podcast-proposal.html","DUPLICATE_INTERNAL_LINK","about.html","Target linked 2 times on this page."
"dammam-podcast-proposal.html","DUPLICATE_INTERNAL_LINK","podcasts.html","Target linked 3 times on this page."
"dar-es-salaam-comparison.html","DUPLICATE_INTERNAL_LINK","index2.html","Target linked 2 times on this page."
"dar-es-salaam-comparison.html","DUPLICATE_INTERNAL_LINK","index.html","Target linked 4 times on this page."
"dar-es-salaam-comparison.html","DUPLICATE_INTERNAL_LINK","comparison.html","Target linked 3 times on this page."
"dar-es-salaam-comparison.html","DUPLICATE_INTERNAL_LINK","podcasts.html","Target linked 2 times on this page."
"dar-es-salaam-coworking-guide.html","DUPLICATE_INTERNAL_LINK","about.html","Target linked 2 times on this page."
"dar-es-salaam-coworking-guide.html","DUPLICATE_INTERNAL_LINK","index2.html","Target linked 6 times on this page."
"dar-es-salaam-coworking-guide.html","DUPLICATE_INTERNAL_LINK","comparison.html","Target linked 4 times on this page."
"dar-es-salaam-coworking-guide.html","DUPLICATE_INTERNAL_LINK","index.html","Target linked 5 times on this page."
"dar-es-salaam-podcast-proposal.html","BROKEN_LINK","regions/africa.html","Target HTML file does not exist in workspace."
"dar-es-salaam-podcast-proposal.html","DUPLICATE_INTERNAL_LINK","about.html","Target linked 2 times on this page."
"dar-es-salaam-podcast-proposal.html","DUPLICATE_INTERNAL_LINK","index.html","Target linked 2 times on this page."
"dar-es-salaam-podcast-proposal.html","DUPLICATE_INTERNAL_LINK","podcasts.html","Target linked 2 times on this page."
"delhi-podcast-proposal.html","BROKEN_LINK","regions/south-asia.html","Target HTML file does not exist in workspace."
"delhi-podcast-proposal.html","DUPLICATE_INTERNAL_LINK","about.html","Target linked 2 times on this page."
"delhi-podcast-proposal.html","DUPLICATE_INTERNAL_LINK","index.html","Target linked 2 times on this page."
"delhi-podcast-proposal.html","DUPLICATE_INTERNAL_LINK","podcasts.html","Target linked 2 times on this page."
"denver-comparison.html","DUPLICATE_INTERNAL_LINK","index.html","Target linked 4 times on this page."
"denver-comparison.html","DUPLICATE_INTERNAL_LINK","index2.html","Target linked 2 times on this page."
"denver-comparison.html","DUPLICATE_INTERNAL_LINK","comparison.html","Target linked 3 times on this page."
"denver-comparison.html","DUPLICATE_INTERNAL_LINK","podcasts.html","Target linked 2 times on this page."
"denver-coworking-guide.html","DUPLICATE_INTERNAL_LINK","about.html","Target linked 2 times on this page."
"denver-coworking-guide.html","DUPLICATE_INTERNAL_LINK","index2.html","Target linked 6 times on this page."
"denver-coworking-guide.html","DUPLICATE_INTERNAL_LINK","comparison.html","Target linked 4 times on this page."
"denver-coworking-guide.html","DUPLICATE_INTERNAL_LINK","index.html","Target linked 5 times on this page."
"denver-podcast-proposal.html","BROKEN_LINK","regions/north-america.html","Target HTML file does not exist in workspace."
"denver-podcast-proposal.html","DUPLICATE_INTERNAL_LINK","about.html","Target linked 2 times on this page."
"denver-podcast-proposal.html","DUPLICATE_INTERNAL_LINK","podcasts.html","Target linked 2 times on this page."
"denver-podcast-proposal.html","DUPLICATE_INTERNAL_LINK","index.html","Target linked 2 times on this page."
"detroit-comparison.html","DUPLICATE_INTERNAL_LINK","index.html","Target linked 4 times on this page."
"detroit-comparison.html","DUPLICATE_INTERNAL_LINK","index2.html","Target linked 2 times on this page."
"detroit-comparison.html","DUPLICATE_INTERNAL_LINK","comparison.html","Target linked 3 times on this page."
"detroit-comparison.html","DUPLICATE_INTERNAL_LINK","podcasts.html","Target linked 2 times on this page."
"detroit-coworking-guide.html","DUPLICATE_INTERNAL_LINK","about.html","Target linked 2 times on this page."
"detroit-coworking-guide.html","DUPLICATE_INTERNAL_LINK","index2.html","Target linked 6 times on this page."
"detroit-coworking-guide.html","DUPLICATE_INTERNAL_LINK","comparison.html","Target linked 4 times on this page."
"detroit-coworking-guide.html","DUPLICATE_INTERNAL_LINK","index.html","Target linked 5 times on this page."
"detroit-podcast-proposal.html","DUPLICATE_INTERNAL_LINK","index.html","Target linked 5 times on this page."
"detroit-podcast-proposal.html","DUPLICATE_INTERNAL_LINK","index2.html","Target linked 2 times on this page."
"detroit-podcast-proposal.html","DUPLICATE_INTERNAL_LINK","comparison.html","Target linked 2 times on this page."
"detroit-podcast-proposal.html","DUPLICATE_INTERNAL_LINK","about.html","Target linked 2 times on this page."
"detroit-podcast-proposal.html","DUPLICATE_INTERNAL_LINK","podcasts.html","Target linked 3 times on this page."
"dhaka-comparison.html","DUPLICATE_INTERNAL_LINK","index.html","Target linked 4 times on this page."
"dhaka-comparison.html","DUPLICATE_INTERNAL_LINK","index2.html","Target linked 2 times on this page."
"dhaka-comparison.html","DUPLICATE_INTERNAL_LINK","comparison.html","Target linked 3 times on this page."
"dhaka-comparison.html","DUPLICATE_INTERNAL_LINK","podcasts.html","Target linked 2 times on this page."
"dhaka-coworking-guide.html","DUPLICATE_INTERNAL_LINK","about.html","Target linked 2 times on this page."
"dhaka-coworking-guide.html","DUPLICATE_INTERNAL_LINK","index2.html","Target linked 6 times on this page."
"dhaka-coworking-guide.html","DUPLICATE_INTERNAL_LINK","comparison.html","Target linked 4 times on this page."
"dhaka-coworking-guide.html","DUPLICATE_INTERNAL_LINK","index.html","Target linked 5 times on this page."
"dhaka-podcast-proposal.html","BROKEN_LINK","regions/south-asia.html","Target HTML file does not exist in workspace."
"dhaka-podcast-proposal.html","DUPLICATE_INTERNAL_LINK","about.html","Target linked 2 times on this page."
"dhaka-podcast-proposal.html","DUPLICATE_INTERNAL_LINK","index.html","Target linked 2 times on this page."
"dhaka-podcast-proposal.html","DUPLICATE_INTERNAL_LINK","podcasts.html","Target linked 2 times on this page."
"doha-comparison.html","DUPLICATE_INTERNAL_LINK","index.html","Target linked 4 times on this page."
"doha-comparison.html","DUPLICATE_INTERNAL_LINK","index2.html","Target linked 2 times on this page."
"doha-comparison.html","DUPLICATE_INTERNAL_LINK","comparison.html","Target linked 3 times on this page."
"doha-comparison.html","DUPLICATE_INTERNAL_LINK","podcasts.html","Target linked 2 times on this page."
"doha-coworking-guide.html","DUPLICATE_INTERNAL_LINK","about.html","Target linked 2 times on this page."
"doha-coworking-guide.html","DUPLICATE_INTERNAL_LINK","index2.html","Target linked 6 times on this page."
"doha-coworking-guide.html","DUPLICATE_INTERNAL_LINK","comparison.html","Target linked 4 times on this page."
"doha-coworking-guide.html","DUPLICATE_INTERNAL_LINK","index.html","Target linked 5 times on this page."
"doha-podcast-proposal.html","BROKEN_LINK","regions/middle-east.html","Target HTML file does not exist in workspace."
"doha-podcast-proposal.html","DUPLICATE_INTERNAL_LINK","about.html","Target linked 2 times on this page."
"doha-podcast-proposal.html","DUPLICATE_INTERNAL_LINK","podcasts.html","Target linked 2 times on this page."
"doha-podcast-proposal.html","DUPLICATE_INTERNAL_LINK","index.html","Target linked 2 times on this page."
"dortmund-comparison.html","DUPLICATE_INTERNAL_LINK","index.html","Target linked 4 times on this page."
"dortmund-comparison.html","DUPLICATE_INTERNAL_LINK","index2.html","Target linked 2 times on this page."
"dortmund-comparison.html","DUPLICATE_INTERNAL_LINK","comparison.html","Target linked 3 times on this page."
"dortmund-comparison.html","DUPLICATE_INTERNAL_LINK","podcasts.html","Target linked 2 times on this page."
"dortmund-coworking-guide.html","DUPLICATE_INTERNAL_LINK","about.html","Target linked 2 times on this page."
"dortmund-coworking-guide.html","DUPLICATE_INTERNAL_LINK","index2.html","Target linked 6 times on this page."
"dortmund-coworking-guide.html","DUPLICATE_INTERNAL_LINK","comparison.html","Target linked 4 times on this page."
"dortmund-coworking-guide.html","DUPLICATE_INTERNAL_LINK","index.html","Target linked 5 times on this page."
"dortmund-podcast-proposal.html","DUPLICATE_INTERNAL_LINK","index.html","Target linked 5 times on this page."
"dortmund-podcast-proposal.html","DUPLICATE_INTERNAL_LINK","index2.html","Target linked 2 times on this page."
"dortmund-podcast-proposal.html","DUPLICATE_INTERNAL_LINK","comparison.html","Target linked 2 times on this page."
"dortmund-podcast-proposal.html","DUPLICATE_INTERNAL_LINK","about.html","Target linked 2 times on this page."
"dortmund-podcast-proposal.html","DUPLICATE_INTERNAL_LINK","podcasts.html","Target linked 3 times on this page."
"dresden-comparison.html","DUPLICATE_INTERNAL_LINK","index.html","Target linked 4 times on this page."
"dresden-comparison.html","DUPLICATE_INTERNAL_LINK","index2.html","Target linked 2 times on this page."
"dresden-comparison.html","DUPLICATE_INTERNAL_LINK","comparison.html","Target linked 3 times on this page."
"dresden-comparison.html","DUPLICATE_INTERNAL_LINK","podcasts.html","Target linked 2 times on this page."
"dresden-coworking-guide.html","DUPLICATE_INTERNAL_LINK","about.html","Target linked 2 times on this page."
"dresden-coworking-guide.html","DUPLICATE_INTERNAL_LINK","index2.html","Target linked 6 times on this page."
"dresden-coworking-guide.html","DUPLICATE_INTERNAL_LINK","comparison.html","Target linked 4 times on this page."
"dresden-coworking-guide.html","DUPLICATE_INTERNAL_LINK","index.html","Target linked 5 times on this page."
"dresden-podcast-proposal.html","DUPLICATE_INTERNAL_LINK","index.html","Target linked 5 times on this page."
"dresden-podcast-proposal.html","DUPLICATE_INTERNAL_LINK","index2.html","Target linked 2 times on this page."
"dresden-podcast-proposal.html","DUPLICATE_INTERNAL_LINK","comparison.html","Target linked 2 times on this page."
"dresden-podcast-proposal.html","DUPLICATE_INTERNAL_LINK","about.html","Target linked 2 times on this page."
"dresden-podcast-proposal.html","DUPLICATE_INTERNAL_LINK","podcasts.html","Target linked 3 times on this page."
"dubai-comparison.html","DUPLICATE_INTERNAL_LINK","index.html","Target linked 4 times on this page."
"dubai-comparison.html","DUPLICATE_INTERNAL_LINK","index2.html","Target linked 2 times on this page."
"dubai-comparison.html","DUPLICATE_INTERNAL_LINK","comparison.html","Target linked 3 times on this page."
"dubai-comparison.html","DUPLICATE_INTERNAL_LINK","podcasts.html","Target linked 2 times on this page."
"dubai-coworking-guide.html","DUPLICATE_INTERNAL_LINK","about.html","Target linked 2 times on this page."
"dubai-coworking-guide.html","DUPLICATE_INTERNAL_LINK","index2.html","Target linked 6 times on this page."
"dubai-coworking-guide.html","DUPLICATE_INTERNAL_LINK","comparison.html","Target linked 4 times on this page."
"dubai-coworking-guide.html","DUPLICATE_INTERNAL_LINK","index.html","Target linked 5 times on this page."
"dubai-podcast-proposal.html","BROKEN_LINK","regions/middle-east.html","Target HTML file does not exist in workspace."
"dubai-podcast-proposal.html","DUPLICATE_INTERNAL_LINK","about.html","Target linked 2 times on this page."
"dubai-podcast-proposal.html","DUPLICATE_INTERNAL_LINK","podcasts.html","Target linked 2 times on this page."
"dubai-podcast-proposal.html","DUPLICATE_INTERNAL_LINK","index.html","Target linked 2 times on this page."
"dublin-comparison.html","DUPLICATE_INTERNAL_LINK","index.html","Target linked 4 times on this page."
"dublin-comparison.html","DUPLICATE_INTERNAL_LINK","index2.html","Target linked 2 times on this page."
"dublin-comparison.html","DUPLICATE_INTERNAL_LINK","comparison.html","Target linked 3 times on this page."
"dublin-comparison.html","DUPLICATE_INTERNAL_LINK","podcasts.html","Target linked 2 times on this page."
"dublin-coworking-guide.html","DUPLICATE_INTERNAL_LINK","about.html","Target linked 2 times on this page."
"dublin-coworking-guide.html","DUPLICATE_INTERNAL_LINK","index2.html","Target linked 6 times on this page."
"dublin-coworking-guide.html","DUPLICATE_INTERNAL_LINK","comparison.html","Target linked 4 times on this page."
"dublin-coworking-guide.html","DUPLICATE_INTERNAL_LINK","index.html","Target linked 5 times on this page."
"dublin-podcast-proposal.html","BROKEN_LINK","regions/uk-eastern-europe.html","Target HTML file does not exist in workspace."
"dublin-podcast-proposal.html","DUPLICATE_INTERNAL_LINK","about.html","Target linked 2 times on this page."
"dublin-podcast-proposal.html","DUPLICATE_INTERNAL_LINK","podcasts.html","Target linked 2 times on this page."
"dublin-podcast-proposal.html","DUPLICATE_INTERNAL_LINK","index.html","Target linked 2 times on this page."
"dubrovnik-podcast-proposal.html","BROKEN_LINK","regions/western-europe.html","Target HTML file does not exist in workspace."
"dubrovnik-podcast-proposal.html","DUPLICATE_INTERNAL_LINK","about.html","Target linked 2 times on this page."
"dubrovnik-podcast-proposal.html","DUPLICATE_INTERNAL_LINK","podcasts.html","Target linked 2 times on this page."
"dubrovnik-podcast-proposal.html","DUPLICATE_INTERNAL_LINK","index.html","Target linked 2 times on this page."
"duisburg-comparison.html","DUPLICATE_INTERNAL_LINK","index.html","Target linked 4 times on this page."
"duisburg-comparison.html","DUPLICATE_INTERNAL_LINK","index2.html","Target linked 2 times on this page."
"duisburg-comparison.html","DUPLICATE_INTERNAL_LINK","comparison.html","Target linked 3 times on this page."
"duisburg-comparison.html","DUPLICATE_INTERNAL_LINK","podcasts.html","Target linked 2 times on this page."
"duisburg-coworking-guide.html","DUPLICATE_INTERNAL_LINK","about.html","Target linked 2 times on this page."
"duisburg-coworking-guide.html","DUPLICATE_INTERNAL_LINK","index2.html","Target linked 6 times on this page."
"duisburg-coworking-guide.html","DUPLICATE_INTERNAL_LINK","comparison.html","Target linked 4 times on this page."
"duisburg-coworking-guide.html","DUPLICATE_INTERNAL_LINK","index.html","Target linked 5 times on this page."
"duisburg-podcast-proposal.html","DUPLICATE_INTERNAL_LINK","index.html","Target linked 5 times on this page."
"duisburg-podcast-proposal.html","DUPLICATE_INTERNAL_LINK","index2.html","Target linked 2 times on this page."
"duisburg-podcast-proposal.html","DUPLICATE_INTERNAL_LINK","comparison.html","Target linked 2 times on this page."
"duisburg-podcast-proposal.html","DUPLICATE_INTERNAL_LINK","about.html","Target linked 2 times on this page."
"duisburg-podcast-proposal.html","DUPLICATE_INTERNAL_LINK","podcasts.html","Target linked 3 times on this page."
"durban-podcast-proposal.html","BROKEN_LINK","regions/africa.html","Target HTML file does not exist in workspace."
"durban-podcast-proposal.html","DUPLICATE_INTERNAL_LINK","about.html","Target linked 2 times on this page."
"durban-podcast-proposal.html","DUPLICATE_INTERNAL_LINK","index.html","Target linked 2 times on this page."
"durban-podcast-proposal.html","DUPLICATE_INTERNAL_LINK","podcasts.html","Target linked 2 times on this page."
"dushanbe-comparison.html","DUPLICATE_INTERNAL_LINK","index.html","Target linked 4 times on this page."
"dushanbe-comparison.html","DUPLICATE_INTERNAL_LINK","index2.html","Target linked 2 times on this page."
"dushanbe-comparison.html","DUPLICATE_INTERNAL_LINK","comparison.html","Target linked 3 times on this page."
"dushanbe-comparison.html","DUPLICATE_INTERNAL_LINK","podcasts.html","Target linked 2 times on this page."
"dushanbe-coworking-guide.html","DUPLICATE_INTERNAL_LINK","index2.html","Target linked 6 times on this page."
"dushanbe-coworking-guide.html","DUPLICATE_INTERNAL_LINK","bangkok-coworking-guide.html","Target linked 2 times on this page."
"dushanbe-coworking-guide.html","DUPLICATE_INTERNAL_LINK","index.html","Target linked 5 times on this page."
"dushanbe-coworking-guide.html","DUPLICATE_INTERNAL_LINK","comparison.html","Target linked 4 times on this page."
"dushanbe-coworking-guide.html","DUPLICATE_INTERNAL_LINK","about.html","Target linked 2 times on this page."
"dushanbe-podcast-proposal.html","BROKEN_LINK","regions/central-asia.html","Target HTML file does not exist in workspace."
"dushanbe-podcast-proposal.html","DUPLICATE_INTERNAL_LINK","about.html","Target linked 2 times on this page."
"dushanbe-podcast-proposal.html","DUPLICATE_INTERNAL_LINK","index.html","Target linked 2 times on this page."
"dushanbe-podcast-proposal.html","DUPLICATE_INTERNAL_LINK","podcasts.html","Target linked 2 times on this page."
"dusseldorf-comparison.html","DUPLICATE_INTERNAL_LINK","index.html","Target linked 4 times on this page."
"dusseldorf-comparison.html","DUPLICATE_INTERNAL_LINK","index2.html","Target linked 2 times on this page."
"dusseldorf-comparison.html","DUPLICATE_INTERNAL_LINK","comparison.html","Target linked 3 times on this page."
"dusseldorf-comparison.html","DUPLICATE_INTERNAL_LINK","podcasts.html","Target linked 2 times on this page."
"dusseldorf-coworking-guide.html","DUPLICATE_INTERNAL_LINK","about.html","Target linked 2 times on this page."
"dusseldorf-coworking-guide.html","DUPLICATE_INTERNAL_LINK","index2.html","Target linked 6 times on this page."
"dusseldorf-coworking-guide.html","DUPLICATE_INTERNAL_LINK","comparison.html","Target linked 4 times on this page."
"dusseldorf-coworking-guide.html","DUPLICATE_INTERNAL_LINK","index.html","Target linked 5 times on this page."
"dusseldorf-podcast-proposal.html","DUPLICATE_INTERNAL_LINK","index.html","Target linked 5 times on this page."
"dusseldorf-podcast-proposal.html","DUPLICATE_INTERNAL_LINK","index2.html","Target linked 2 times on this page."
"dusseldorf-podcast-proposal.html","DUPLICATE_INTERNAL_LINK","comparison.html","Target linked 2 times on this page."
"dusseldorf-podcast-proposal.html","DUPLICATE_INTERNAL_LINK","about.html","Target linked 2 times on this page."
"dusseldorf-podcast-proposal.html","DUPLICATE_INTERNAL_LINK","podcasts.html","Target linked 3 times on this page."
"edinburgh-comparison.html","DUPLICATE_INTERNAL_LINK","index.html","Target linked 4 times on this page."
"edinburgh-comparison.html","DUPLICATE_INTERNAL_LINK","index2.html","Target linked 2 times on this page."
"edinburgh-comparison.html","DUPLICATE_INTERNAL_LINK","comparison.html","Target linked 3 times on this page."
"edinburgh-comparison.html","DUPLICATE_INTERNAL_LINK","podcasts.html","Target linked 2 times on this page."
"edinburgh-coworking-guide.html","DUPLICATE_INTERNAL_LINK","about.html","Target linked 2 times on this page."
"edinburgh-coworking-guide.html","DUPLICATE_INTERNAL_LINK","index2.html","Target linked 6 times on this page."
"edinburgh-coworking-guide.html","DUPLICATE_INTERNAL_LINK","comparison.html","Target linked 4 times on this page."
"edinburgh-coworking-guide.html","DUPLICATE_INTERNAL_LINK","index.html","Target linked 5 times on this page."
"edinburgh-podcast-proposal.html","BROKEN_LINK","regions/uk-eastern-europe.html","Target HTML file does not exist in workspace."
"edinburgh-podcast-proposal.html","DUPLICATE_INTERNAL_LINK","about.html","Target linked 2 times on this page."
"edinburgh-podcast-proposal.html","DUPLICATE_INTERNAL_LINK","podcasts.html","Target linked 2 times on this page."
"edinburgh-podcast-proposal.html","DUPLICATE_INTERNAL_LINK","index.html","Target linked 2 times on this page."
"edmonton-comparison.html","DUPLICATE_INTERNAL_LINK","index.html","Target linked 4 times on this page."
"edmonton-comparison.html","DUPLICATE_INTERNAL_LINK","index2.html","Target linked 2 times on this page."
"edmonton-comparison.html","DUPLICATE_INTERNAL_LINK","comparison.html","Target linked 3 times on this page."
"edmonton-comparison.html","DUPLICATE_INTERNAL_LINK","podcasts.html","Target linked 2 times on this page."
"edmonton-coworking-guide.html","DUPLICATE_INTERNAL_LINK","about.html","Target linked 2 times on this page."
"edmonton-coworking-guide.html","DUPLICATE_INTERNAL_LINK","index2.html","Target linked 6 times on this page."
"edmonton-coworking-guide.html","DUPLICATE_INTERNAL_LINK","comparison.html","Target linked 4 times on this page."
"edmonton-coworking-guide.html","DUPLICATE_INTERNAL_LINK","index.html","Target linked 5 times on this page."
"edmonton-podcast-proposal.html","DUPLICATE_INTERNAL_LINK","index.html","Target linked 5 times on this page."
"edmonton-podcast-proposal.html","DUPLICATE_INTERNAL_LINK","index2.html","Target linked 2 times on this page."
"edmonton-podcast-proposal.html","DUPLICATE_INTERNAL_LINK","comparison.html","Target linked 2 times on this page."
"edmonton-podcast-proposal.html","DUPLICATE_INTERNAL_LINK","about.html","Target linked 2 times on this page."
"edmonton-podcast-proposal.html","DUPLICATE_INTERNAL_LINK","podcasts.html","Target linked 3 times on this page."
"erbil-podcast-proposal.html","BROKEN_LINK","regions/middle-east.html","Target HTML file does not exist in workspace."
"erbil-podcast-proposal.html","DUPLICATE_INTERNAL_LINK","about.html","Target linked 2 times on this page."
"erbil-podcast-proposal.html","DUPLICATE_INTERNAL_LINK","podcasts.html","Target linked 2 times on this page."
"erbil-podcast-proposal.html","DUPLICATE_INTERNAL_LINK","index.html","Target linked 2 times on this page."
"essen-comparison.html","DUPLICATE_INTERNAL_LINK","index.html","Target linked 4 times on this page."
"essen-comparison.html","DUPLICATE_INTERNAL_LINK","index2.html","Target linked 2 times on this page."
"essen-comparison.html","DUPLICATE_INTERNAL_LINK","comparison.html","Target linked 3 times on this page."
"essen-comparison.html","DUPLICATE_INTERNAL_LINK","podcasts.html","Target linked 2 times on this page."
"essen-coworking-guide.html","DUPLICATE_INTERNAL_LINK","about.html","Target linked 2 times on this page."
"essen-coworking-guide.html","DUPLICATE_INTERNAL_LINK","index2.html","Target linked 6 times on this page."
"essen-coworking-guide.html","DUPLICATE_INTERNAL_LINK","comparison.html","Target linked 4 times on this page."
"essen-coworking-guide.html","DUPLICATE_INTERNAL_LINK","index.html","Target linked 5 times on this page."
"essen-podcast-proposal.html","DUPLICATE_INTERNAL_LINK","index.html","Target linked 5 times on this page."
"essen-podcast-proposal.html","DUPLICATE_INTERNAL_LINK","index2.html","Target linked 2 times on this page."
"essen-podcast-proposal.html","DUPLICATE_INTERNAL_LINK","comparison.html","Target linked 2 times on this page."
"essen-podcast-proposal.html","DUPLICATE_INTERNAL_LINK","about.html","Target linked 2 times on this page."
"essen-podcast-proposal.html","DUPLICATE_INTERNAL_LINK","podcasts.html","Target linked 3 times on this page."
"faro-podcast-proposal.html","BROKEN_LINK","regions/western-europe.html","Target HTML file does not exist in workspace."
"faro-podcast-proposal.html","DUPLICATE_INTERNAL_LINK","about.html","Target linked 2 times on this page."
"faro-podcast-proposal.html","DUPLICATE_INTERNAL_LINK","podcasts.html","Target linked 2 times on this page."
"faro-podcast-proposal.html","DUPLICATE_INTERNAL_LINK","index.html","Target linked 2 times on this page."
"florence-podcast-proposal.html","BROKEN_LINK","regions/western-europe.html","Target HTML file does not exist in workspace."
"florence-podcast-proposal.html","DUPLICATE_INTERNAL_LINK","about.html","Target linked 2 times on this page."
"florence-podcast-proposal.html","DUPLICATE_INTERNAL_LINK","podcasts.html","Target linked 2 times on this page."
"florence-podcast-proposal.html","DUPLICATE_INTERNAL_LINK","index.html","Target linked 2 times on this page."
"florianopolis-podcast-proposal.html","BROKEN_LINK","regions/south-america.html","Target HTML file does not exist in workspace."
"florianopolis-podcast-proposal.html","DUPLICATE_INTERNAL_LINK","about.html","Target linked 2 times on this page."
"florianopolis-podcast-proposal.html","DUPLICATE_INTERNAL_LINK","podcasts.html","Target linked 2 times on this page."
"florianopolis-podcast-proposal.html","DUPLICATE_INTERNAL_LINK","index.html","Target linked 2 times on this page."
"frankfurt-comparison.html","DUPLICATE_INTERNAL_LINK","index.html","Target linked 4 times on this page."
"frankfurt-comparison.html","DUPLICATE_INTERNAL_LINK","index2.html","Target linked 2 times on this page."
"frankfurt-comparison.html","DUPLICATE_INTERNAL_LINK","comparison.html","Target linked 3 times on this page."
"frankfurt-comparison.html","DUPLICATE_INTERNAL_LINK","podcasts.html","Target linked 2 times on this page."
"frankfurt-coworking-guide.html","DUPLICATE_INTERNAL_LINK","about.html","Target linked 2 times on this page."
"frankfurt-coworking-guide.html","DUPLICATE_INTERNAL_LINK","index2.html","Target linked 6 times on this page."
"frankfurt-coworking-guide.html","DUPLICATE_INTERNAL_LINK","comparison.html","Target linked 4 times on this page."
"frankfurt-coworking-guide.html","DUPLICATE_INTERNAL_LINK","index.html","Target linked 5 times on this page."
"frankfurt-podcast-proposal.html","DUPLICATE_INTERNAL_LINK","index.html","Target linked 5 times on this page."
"frankfurt-podcast-proposal.html","DUPLICATE_INTERNAL_LINK","index2.html","Target linked 2 times on this page."
"frankfurt-podcast-proposal.html","DUPLICATE_INTERNAL_LINK","comparison.html","Target linked 2 times on this page."
"frankfurt-podcast-proposal.html","DUPLICATE_INTERNAL_LINK","about.html","Target linked 2 times on this page."
"frankfurt-podcast-proposal.html","DUPLICATE_INTERNAL_LINK","podcasts.html","Target linked 3 times on this page."
"fresno-comparison.html","DUPLICATE_INTERNAL_LINK","index.html","Target linked 4 times on this page."
"fresno-comparison.html","DUPLICATE_INTERNAL_LINK","index2.html","Target linked 2 times on this page."
"fresno-comparison.html","DUPLICATE_INTERNAL_LINK","comparison.html","Target linked 3 times on this page."
"fresno-comparison.html","DUPLICATE_INTERNAL_LINK","podcasts.html","Target linked 2 times on this page."
"fresno-coworking-guide.html","DUPLICATE_INTERNAL_LINK","about.html","Target linked 2 times on this page."
"fresno-coworking-guide.html","DUPLICATE_INTERNAL_LINK","index2.html","Target linked 6 times on this page."
"fresno-coworking-guide.html","DUPLICATE_INTERNAL_LINK","comparison.html","Target linked 4 times on this page."
"fresno-coworking-guide.html","DUPLICATE_INTERNAL_LINK","index.html","Target linked 5 times on this page."
"fresno-podcast-proposal.html","DUPLICATE_INTERNAL_LINK","index.html","Target linked 5 times on this page."
"fresno-podcast-proposal.html","DUPLICATE_INTERNAL_LINK","index2.html","Target linked 2 times on this page."
"fresno-podcast-proposal.html","DUPLICATE_INTERNAL_LINK","comparison.html","Target linked 2 times on this page."
"fresno-podcast-proposal.html","DUPLICATE_INTERNAL_LINK","about.html","Target linked 2 times on this page."
"fresno-podcast-proposal.html","DUPLICATE_INTERNAL_LINK","podcasts.html","Target linked 3 times on this page."
"fukuoka-podcast-proposal.html","BROKEN_LINK","regions/east-asia.html","Target HTML file does not exist in workspace."
"fukuoka-podcast-proposal.html","DUPLICATE_INTERNAL_LINK","about.html","Target linked 2 times on this page."
"fukuoka-podcast-proposal.html","DUPLICATE_INTERNAL_LINK","podcasts.html","Target linked 2 times on this page."
"fukuoka-podcast-proposal.html","DUPLICATE_INTERNAL_LINK","index.html","Target linked 2 times on this page."
"funchal-podcast-proposal.html","BROKEN_LINK","regions/western-europe.html","Target HTML file does not exist in workspace."
"funchal-podcast-proposal.html","DUPLICATE_INTERNAL_LINK","about.html","Target linked 2 times on this page."
"funchal-podcast-proposal.html","DUPLICATE_INTERNAL_LINK","podcasts.html","Target linked 2 times on this page."
"funchal-podcast-proposal.html","DUPLICATE_INTERNAL_LINK","index.html","Target linked 2 times on this page."
"gdansk-podcast-proposal.html","BROKEN_LINK","regions/uk-eastern-europe.html","Target HTML file does not exist in workspace."
"gdansk-podcast-proposal.html","DUPLICATE_INTERNAL_LINK","about.html","Target linked 2 times on this page."
"gdansk-podcast-proposal.html","DUPLICATE_INTERNAL_LINK","podcasts.html","Target linked 2 times on this page."
"gdansk-podcast-proposal.html","DUPLICATE_INTERNAL_LINK","index.html","Target linked 2 times on this page."
"geneva-comparison.html","DUPLICATE_INTERNAL_LINK","index.html","Target linked 4 times on this page."
"geneva-comparison.html","DUPLICATE_INTERNAL_LINK","index2.html","Target linked 2 times on this page."
"geneva-comparison.html","DUPLICATE_INTERNAL_LINK","comparison.html","Target linked 3 times on this page."
"geneva-comparison.html","DUPLICATE_INTERNAL_LINK","podcasts.html","Target linked 2 times on this page."
"geneva-coworking-guide.html","DUPLICATE_INTERNAL_LINK","about.html","Target linked 2 times on this page."
"geneva-coworking-guide.html","DUPLICATE_INTERNAL_LINK","index2.html","Target linked 6 times on this page."
"geneva-coworking-guide.html","DUPLICATE_INTERNAL_LINK","comparison.html","Target linked 4 times on this page."
"geneva-coworking-guide.html","DUPLICATE_INTERNAL_LINK","index.html","Target linked 5 times on this page."
"geneva-podcast-proposal.html","BROKEN_LINK","regions/western-europe.html","Target HTML file does not exist in workspace."
"geneva-podcast-proposal.html","DUPLICATE_INTERNAL_LINK","about.html","Target linked 2 times on this page."
"geneva-podcast-proposal.html","DUPLICATE_INTERNAL_LINK","podcasts.html","Target linked 2 times on this page."
"geneva-podcast-proposal.html","DUPLICATE_INTERNAL_LINK","index.html","Target linked 2 times on this page."
"glasgow-comparison.html","DUPLICATE_INTERNAL_LINK","index.html","Target linked 4 times on this page."
"glasgow-comparison.html","DUPLICATE_INTERNAL_LINK","index2.html","Target linked 2 times on this page."
"glasgow-comparison.html","DUPLICATE_INTERNAL_LINK","comparison.html","Target linked 3 times on this page."
"glasgow-comparison.html","DUPLICATE_INTERNAL_LINK","podcasts.html","Target linked 2 times on this page."
"glasgow-coworking-guide.html","DUPLICATE_INTERNAL_LINK","about.html","Target linked 2 times on this page."
"glasgow-coworking-guide.html","DUPLICATE_INTERNAL_LINK","index2.html","Target linked 6 times on this page."
"glasgow-coworking-guide.html","DUPLICATE_INTERNAL_LINK","comparison.html","Target linked 4 times on this page."
"glasgow-coworking-guide.html","DUPLICATE_INTERNAL_LINK","index.html","Target linked 5 times on this page."
"glasgow-podcast-proposal.html","BROKEN_LINK","regions/uk-eastern-europe.html","Target HTML file does not exist in workspace."
"glasgow-podcast-proposal.html","DUPLICATE_INTERNAL_LINK","about.html","Target linked 2 times on this page."
"glasgow-podcast-proposal.html","DUPLICATE_INTERNAL_LINK","podcasts.html","Target linked 2 times on this page."
"glasgow-podcast-proposal.html","DUPLICATE_INTERNAL_LINK","index.html","Target linked 2 times on this page."
"goa-podcast-proposal.html","BROKEN_LINK","regions/south-asia.html","Target HTML file does not exist in workspace."
"goa-podcast-proposal.html","DUPLICATE_INTERNAL_LINK","about.html","Target linked 2 times on this page."
"goa-podcast-proposal.html","DUPLICATE_INTERNAL_LINK","index.html","Target linked 2 times on this page."
"goa-podcast-proposal.html","DUPLICATE_INTERNAL_LINK","podcasts.html","Target linked 2 times on this page."
"guadalajara-comparison.html","DUPLICATE_INTERNAL_LINK","index.html","Target linked 4 times on this page."
"guadalajara-comparison.html","DUPLICATE_INTERNAL_LINK","index2.html","Target linked 2 times on this page."
"guadalajara-comparison.html","DUPLICATE_INTERNAL_LINK","comparison.html","Target linked 3 times on this page."
"guadalajara-comparison.html","DUPLICATE_INTERNAL_LINK","podcasts.html","Target linked 2 times on this page."
"guadalajara-coworking-guide.html","DUPLICATE_INTERNAL_LINK","about.html","Target linked 2 times on this page."
"guadalajara-coworking-guide.html","DUPLICATE_INTERNAL_LINK","index2.html","Target linked 6 times on this page."
"guadalajara-coworking-guide.html","DUPLICATE_INTERNAL_LINK","comparison.html","Target linked 4 times on this page."
"guadalajara-coworking-guide.html","DUPLICATE_INTERNAL_LINK","index.html","Target linked 5 times on this page."
"guadalajara-podcast-proposal.html","BROKEN_LINK","regions/north-america.html","Target HTML file does not exist in workspace."
"guadalajara-podcast-proposal.html","DUPLICATE_INTERNAL_LINK","about.html","Target linked 2 times on this page."
"guadalajara-podcast-proposal.html","DUPLICATE_INTERNAL_LINK","podcasts.html","Target linked 2 times on this page."
"guadalajara-podcast-proposal.html","DUPLICATE_INTERNAL_LINK","index.html","Target linked 2 times on this page."
"guangzhou-comparison.html","DUPLICATE_INTERNAL_LINK","index.html","Target linked 4 times on this page."
"guangzhou-comparison.html","DUPLICATE_INTERNAL_LINK","index2.html","Target linked 2 times on this page."
"guangzhou-comparison.html","DUPLICATE_INTERNAL_LINK","comparison.html","Target linked 3 times on this page."
"guangzhou-comparison.html","DUPLICATE_INTERNAL_LINK","podcasts.html","Target linked 2 times on this page."
"guangzhou-coworking-guide.html","DUPLICATE_INTERNAL_LINK","about.html","Target linked 2 times on this page."
"guangzhou-coworking-guide.html","DUPLICATE_INTERNAL_LINK","index2.html","Target linked 6 times on this page."
"guangzhou-coworking-guide.html","DUPLICATE_INTERNAL_LINK","comparison.html","Target linked 4 times on this page."
"guangzhou-coworking-guide.html","DUPLICATE_INTERNAL_LINK","index.html","Target linked 5 times on this page."
"guangzhou-podcast-proposal.html","BROKEN_LINK","regions/east-asia.html","Target HTML file does not exist in workspace."
"guangzhou-podcast-proposal.html","DUPLICATE_INTERNAL_LINK","about.html","Target linked 2 times on this page."
"guangzhou-podcast-proposal.html","DUPLICATE_INTERNAL_LINK","podcasts.html","Target linked 2 times on this page."
"guangzhou-podcast-proposal.html","DUPLICATE_INTERNAL_LINK","index.html","Target linked 2 times on this page."
"guayaquil-comparison.html","DUPLICATE_INTERNAL_LINK","index.html","Target linked 4 times on this page."
"guayaquil-comparison.html","DUPLICATE_INTERNAL_LINK","index2.html","Target linked 2 times on this page."
"guayaquil-comparison.html","DUPLICATE_INTERNAL_LINK","comparison.html","Target linked 3 times on this page."
"guayaquil-comparison.html","DUPLICATE_INTERNAL_LINK","podcasts.html","Target linked 2 times on this page."
"guayaquil-coworking-guide.html","DUPLICATE_INTERNAL_LINK","about.html","Target linked 2 times on this page."
"guayaquil-coworking-guide.html","DUPLICATE_INTERNAL_LINK","index2.html","Target linked 6 times on this page."
"guayaquil-coworking-guide.html","DUPLICATE_INTERNAL_LINK","comparison.html","Target linked 4 times on this page."
"guayaquil-coworking-guide.html","DUPLICATE_INTERNAL_LINK","index.html","Target linked 5 times on this page."
"guayaquil-podcast-proposal.html","BROKEN_LINK","regions/south-america.html","Target HTML file does not exist in workspace."
"guayaquil-podcast-proposal.html","DUPLICATE_INTERNAL_LINK","about.html","Target linked 2 times on this page."
"guayaquil-podcast-proposal.html","DUPLICATE_INTERNAL_LINK","podcasts.html","Target linked 2 times on this page."
"guayaquil-podcast-proposal.html","DUPLICATE_INTERNAL_LINK","index.html","Target linked 2 times on this page."
"halifax-comparison.html","DUPLICATE_INTERNAL_LINK","index.html","Target linked 4 times on this page."
"halifax-comparison.html","DUPLICATE_INTERNAL_LINK","index2.html","Target linked 2 times on this page."
"halifax-comparison.html","DUPLICATE_INTERNAL_LINK","comparison.html","Target linked 3 times on this page."
"halifax-comparison.html","DUPLICATE_INTERNAL_LINK","podcasts.html","Target linked 2 times on this page."
"halifax-coworking-guide.html","DUPLICATE_INTERNAL_LINK","about.html","Target linked 2 times on this page."
"halifax-coworking-guide.html","DUPLICATE_INTERNAL_LINK","index2.html","Target linked 6 times on this page."
"halifax-coworking-guide.html","DUPLICATE_INTERNAL_LINK","comparison.html","Target linked 4 times on this page."
"halifax-coworking-guide.html","DUPLICATE_INTERNAL_LINK","index.html","Target linked 5 times on this page."
"halifax-podcast-proposal.html","DUPLICATE_INTERNAL_LINK","index.html","Target linked 5 times on this page."
"halifax-podcast-proposal.html","DUPLICATE_INTERNAL_LINK","index2.html","Target linked 2 times on this page."
"halifax-podcast-proposal.html","DUPLICATE_INTERNAL_LINK","comparison.html","Target linked 2 times on this page."
"halifax-podcast-proposal.html","DUPLICATE_INTERNAL_LINK","about.html","Target linked 2 times on this page."
"halifax-podcast-proposal.html","DUPLICATE_INTERNAL_LINK","podcasts.html","Target linked 3 times on this page."
"hamburg-comparison.html","DUPLICATE_INTERNAL_LINK","index.html","Target linked 4 times on this page."
"hamburg-comparison.html","DUPLICATE_INTERNAL_LINK","index2.html","Target linked 2 times on this page."
"hamburg-comparison.html","DUPLICATE_INTERNAL_LINK","comparison.html","Target linked 3 times on this page."
"hamburg-comparison.html","DUPLICATE_INTERNAL_LINK","podcasts.html","Target linked 2 times on this page."
"hamburg-coworking-guide.html","DUPLICATE_INTERNAL_LINK","about.html","Target linked 2 times on this page."
"hamburg-coworking-guide.html","DUPLICATE_INTERNAL_LINK","index2.html","Target linked 6 times on this page."
"hamburg-coworking-guide.html","DUPLICATE_INTERNAL_LINK","comparison.html","Target linked 4 times on this page."
"hamburg-coworking-guide.html","DUPLICATE_INTERNAL_LINK","index.html","Target linked 5 times on this page."
"hamburg-podcast-proposal.html","BROKEN_LINK","regions/western-europe.html","Target HTML file does not exist in workspace."
"hamburg-podcast-proposal.html","DUPLICATE_INTERNAL_LINK","about.html","Target linked 2 times on this page."
"hamburg-podcast-proposal.html","DUPLICATE_INTERNAL_LINK","podcasts.html","Target linked 2 times on this page."
"hamburg-podcast-proposal.html","DUPLICATE_INTERNAL_LINK","index.html","Target linked 2 times on this page."
"hamilton-comparison.html","DUPLICATE_INTERNAL_LINK","index.html","Target linked 4 times on this page."
"hamilton-comparison.html","DUPLICATE_INTERNAL_LINK","index2.html","Target linked 2 times on this page."
"hamilton-comparison.html","DUPLICATE_INTERNAL_LINK","comparison.html","Target linked 3 times on this page."
"hamilton-comparison.html","DUPLICATE_INTERNAL_LINK","podcasts.html","Target linked 2 times on this page."
"hamilton-coworking-guide.html","DUPLICATE_INTERNAL_LINK","about.html","Target linked 2 times on this page."
"hamilton-coworking-guide.html","DUPLICATE_INTERNAL_LINK","index2.html","Target linked 6 times on this page."
"hamilton-coworking-guide.html","DUPLICATE_INTERNAL_LINK","comparison.html","Target linked 4 times on this page."
"hamilton-coworking-guide.html","DUPLICATE_INTERNAL_LINK","index.html","Target linked 5 times on this page."
"hamilton-podcast-proposal.html","DUPLICATE_INTERNAL_LINK","index.html","Target linked 5 times on this page."
"hamilton-podcast-proposal.html","DUPLICATE_INTERNAL_LINK","index2.html","Target linked 2 times on this page."
"hamilton-podcast-proposal.html","DUPLICATE_INTERNAL_LINK","comparison.html","Target linked 2 times on this page."
"hamilton-podcast-proposal.html","DUPLICATE_INTERNAL_LINK","about.html","Target linked 2 times on this page."
"hamilton-podcast-proposal.html","DUPLICATE_INTERNAL_LINK","podcasts.html","Target linked 3 times on this page."
"hanoi-podcast-proposal.html","BROKEN_LINK","regions/southeast-asia.html","Target HTML file does not exist in workspace."
"hanoi-podcast-proposal.html","DUPLICATE_INTERNAL_LINK","about.html","Target linked 2 times on this page."
"hanoi-podcast-proposal.html","DUPLICATE_INTERNAL_LINK","podcasts.html","Target linked 2 times on this page."
"hanoi-podcast-proposal.html","DUPLICATE_INTERNAL_LINK","index.html","Target linked 2 times on this page."
"hanover-comparison.html","DUPLICATE_INTERNAL_LINK","index.html","Target linked 4 times on this page."
"hanover-comparison.html","DUPLICATE_INTERNAL_LINK","index2.html","Target linked 2 times on this page."
"hanover-comparison.html","DUPLICATE_INTERNAL_LINK","comparison.html","Target linked 3 times on this page."
"hanover-comparison.html","DUPLICATE_INTERNAL_LINK","podcasts.html","Target linked 2 times on this page."
"hanover-coworking-guide.html","DUPLICATE_INTERNAL_LINK","about.html","Target linked 2 times on this page."
"hanover-coworking-guide.html","DUPLICATE_INTERNAL_LINK","index2.html","Target linked 6 times on this page."
"hanover-coworking-guide.html","DUPLICATE_INTERNAL_LINK","comparison.html","Target linked 4 times on this page."
"hanover-coworking-guide.html","DUPLICATE_INTERNAL_LINK","index.html","Target linked 5 times on this page."
"hanover-podcast-proposal.html","DUPLICATE_INTERNAL_LINK","index.html","Target linked 5 times on this page."
"hanover-podcast-proposal.html","DUPLICATE_INTERNAL_LINK","index2.html","Target linked 2 times on this page."
"hanover-podcast-proposal.html","DUPLICATE_INTERNAL_LINK","comparison.html","Target linked 2 times on this page."
"hanover-podcast-proposal.html","DUPLICATE_INTERNAL_LINK","about.html","Target linked 2 times on this page."
"hanover-podcast-proposal.html","DUPLICATE_INTERNAL_LINK","podcasts.html","Target linked 3 times on this page."
"helsinki-comparison.html","DUPLICATE_INTERNAL_LINK","index.html","Target linked 4 times on this page."
"helsinki-comparison.html","DUPLICATE_INTERNAL_LINK","index2.html","Target linked 2 times on this page."
"helsinki-comparison.html","DUPLICATE_INTERNAL_LINK","comparison.html","Target linked 3 times on this page."
"helsinki-comparison.html","DUPLICATE_INTERNAL_LINK","podcasts.html","Target linked 2 times on this page."
"helsinki-coworking-guide.html","DUPLICATE_INTERNAL_LINK","about.html","Target linked 2 times on this page."
"helsinki-coworking-guide.html","DUPLICATE_INTERNAL_LINK","index2.html","Target linked 6 times on this page."
"helsinki-coworking-guide.html","DUPLICATE_INTERNAL_LINK","comparison.html","Target linked 4 times on this page."
"helsinki-coworking-guide.html","DUPLICATE_INTERNAL_LINK","index.html","Target linked 5 times on this page."
"helsinki-podcast-proposal.html","DUPLICATE_INTERNAL_LINK","index.html","Target linked 5 times on this page."
"helsinki-podcast-proposal.html","DUPLICATE_INTERNAL_LINK","index2.html","Target linked 2 times on this page."
"helsinki-podcast-proposal.html","DUPLICATE_INTERNAL_LINK","comparison.html","Target linked 2 times on this page."
"helsinki-podcast-proposal.html","DUPLICATE_INTERNAL_LINK","about.html","Target linked 2 times on this page."
"helsinki-podcast-proposal.html","DUPLICATE_INTERNAL_LINK","podcasts.html","Target linked 3 times on this page."
"ho-chi-minh-comparison.html","DUPLICATE_INTERNAL_LINK","index.html","Target linked 4 times on this page."
"ho-chi-minh-comparison.html","DUPLICATE_INTERNAL_LINK","index2.html","Target linked 2 times on this page."
"ho-chi-minh-comparison.html","DUPLICATE_INTERNAL_LINK","comparison.html","Target linked 3 times on this page."
"ho-chi-minh-comparison.html","DUPLICATE_INTERNAL_LINK","podcasts.html","Target linked 2 times on this page."
"ho-chi-minh-coworking-guide.html","DUPLICATE_INTERNAL_LINK","about.html","Target linked 2 times on this page."
"ho-chi-minh-coworking-guide.html","DUPLICATE_INTERNAL_LINK","index2.html","Target linked 6 times on this page."
"ho-chi-minh-coworking-guide.html","DUPLICATE_INTERNAL_LINK","comparison.html","Target linked 4 times on this page."
"ho-chi-minh-coworking-guide.html","DUPLICATE_INTERNAL_LINK","index.html","Target linked 5 times on this page."
"ho-chi-minh-podcast-proposal.html","BROKEN_LINK","regions/southeast-asia.html","Target HTML file does not exist in workspace."
"ho-chi-minh-podcast-proposal.html","DUPLICATE_INTERNAL_LINK","about.html","Target linked 2 times on this page."
"ho-chi-minh-podcast-proposal.html","DUPLICATE_INTERNAL_LINK","podcasts.html","Target linked 2 times on this page."
"ho-chi-minh-podcast-proposal.html","DUPLICATE_INTERNAL_LINK","index.html","Target linked 2 times on this page."
"hong-kong-comparison.html","DUPLICATE_INTERNAL_LINK","index.html","Target linked 4 times on this page."
"hong-kong-comparison.html","DUPLICATE_INTERNAL_LINK","index2.html","Target linked 2 times on this page."
"hong-kong-comparison.html","DUPLICATE_INTERNAL_LINK","comparison.html","Target linked 3 times on this page."
"hong-kong-comparison.html","DUPLICATE_INTERNAL_LINK","podcasts.html","Target linked 2 times on this page."
"hong-kong-coworking-guide.html","DUPLICATE_INTERNAL_LINK","about.html","Target linked 2 times on this page."
"hong-kong-coworking-guide.html","DUPLICATE_INTERNAL_LINK","index2.html","Target linked 6 times on this page."
"hong-kong-coworking-guide.html","DUPLICATE_INTERNAL_LINK","comparison.html","Target linked 4 times on this page."
"hong-kong-coworking-guide.html","DUPLICATE_INTERNAL_LINK","index.html","Target linked 5 times on this page."
"hong-kong-podcast-proposal.html","BROKEN_LINK","regions/east-asia.html","Target HTML file does not exist in workspace."
"hong-kong-podcast-proposal.html","DUPLICATE_INTERNAL_LINK","about.html","Target linked 2 times on this page."
"hong-kong-podcast-proposal.html","DUPLICATE_INTERNAL_LINK","podcasts.html","Target linked 2 times on this page."
"hong-kong-podcast-proposal.html","DUPLICATE_INTERNAL_LINK","index.html","Target linked 2 times on this page."
"honolulu-podcast-proposal.html","BROKEN_LINK","regions/north-america.html","Target HTML file does not exist in workspace."
"honolulu-podcast-proposal.html","DUPLICATE_INTERNAL_LINK","about.html","Target linked 2 times on this page."
"honolulu-podcast-proposal.html","DUPLICATE_INTERNAL_LINK","podcasts.html","Target linked 2 times on this page."
"honolulu-podcast-proposal.html","DUPLICATE_INTERNAL_LINK","index.html","Target linked 2 times on this page."
"houston-comparison.html","DUPLICATE_INTERNAL_LINK","index.html","Target linked 4 times on this page."
"houston-comparison.html","DUPLICATE_INTERNAL_LINK","index2.html","Target linked 2 times on this page."
"houston-comparison.html","DUPLICATE_INTERNAL_LINK","comparison.html","Target linked 3 times on this page."
"houston-comparison.html","DUPLICATE_INTERNAL_LINK","podcasts.html","Target linked 2 times on this page."
"houston-coworking-guide.html","DUPLICATE_INTERNAL_LINK","about.html","Target linked 2 times on this page."
"houston-coworking-guide.html","DUPLICATE_INTERNAL_LINK","index2.html","Target linked 6 times on this page."
"houston-coworking-guide.html","DUPLICATE_INTERNAL_LINK","comparison.html","Target linked 4 times on this page."
"houston-coworking-guide.html","DUPLICATE_INTERNAL_LINK","index.html","Target linked 5 times on this page."
"houston-podcast-proposal.html","DUPLICATE_INTERNAL_LINK","index.html","Target linked 5 times on this page."
"houston-podcast-proposal.html","DUPLICATE_INTERNAL_LINK","index2.html","Target linked 2 times on this page."
"houston-podcast-proposal.html","DUPLICATE_INTERNAL_LINK","comparison.html","Target linked 2 times on this page."
"houston-podcast-proposal.html","DUPLICATE_INTERNAL_LINK","about.html","Target linked 2 times on this page."
"houston-podcast-proposal.html","DUPLICATE_INTERNAL_LINK","podcasts.html","Target linked 3 times on this page."
"hub.html","DUPLICATE_INTERNAL_LINK","about.html","Target linked 2 times on this page."
"hub.html","DUPLICATE_INTERNAL_LINK","comparison.html","Target linked 2 times on this page."
"hub.html","DUPLICATE_INTERNAL_LINK","index.html","Target linked 3 times on this page."
"hub.html","DUPLICATE_INTERNAL_LINK","index2.html","Target linked 2 times on this page."
"hub.html","DUPLICATE_INTERNAL_LINK","podcasts.html","Target linked 2 times on this page."
"hyderabad-comparison.html","DUPLICATE_INTERNAL_LINK","index.html","Target linked 4 times on this page."
"hyderabad-comparison.html","DUPLICATE_INTERNAL_LINK","index2.html","Target linked 2 times on this page."
"hyderabad-comparison.html","DUPLICATE_INTERNAL_LINK","comparison.html","Target linked 3 times on this page."
"hyderabad-comparison.html","DUPLICATE_INTERNAL_LINK","podcasts.html","Target linked 2 times on this page."
"hyderabad-coworking-guide.html","DUPLICATE_INTERNAL_LINK","about.html","Target linked 2 times on this page."
"hyderabad-coworking-guide.html","DUPLICATE_INTERNAL_LINK","index2.html","Target linked 6 times on this page."
"hyderabad-coworking-guide.html","DUPLICATE_INTERNAL_LINK","comparison.html","Target linked 4 times on this page."
"hyderabad-coworking-guide.html","DUPLICATE_INTERNAL_LINK","index.html","Target linked 5 times on this page."
"hyderabad-podcast-proposal.html","BROKEN_LINK","regions/south-asia.html","Target HTML file does not exist in workspace."
"hyderabad-podcast-proposal.html","DUPLICATE_INTERNAL_LINK","about.html","Target linked 2 times on this page."
"hyderabad-podcast-proposal.html","DUPLICATE_INTERNAL_LINK","index.html","Target linked 2 times on this page."
"hyderabad-podcast-proposal.html","DUPLICATE_INTERNAL_LINK","podcasts.html","Target linked 2 times on this page."
"index.html","DUPLICATE_INTERNAL_LINK","index.html","Target linked 3 times on this page."
"index.html","DUPLICATE_INTERNAL_LINK","index2.html","Target linked 3 times on this page."
"index.html","DUPLICATE_INTERNAL_LINK","comparison.html","Target linked 3 times on this page."
"index.html","DUPLICATE_INTERNAL_LINK","about.html","Target linked 2 times on this page."
"index.html","DUPLICATE_INTERNAL_LINK","podcasts.html","Target linked 3 times on this page."
"index2.html","DUPLICATE_INTERNAL_LINK","comparison.html","Target linked 2 times on this page."
"index2.html","DUPLICATE_INTERNAL_LINK","index.html","Target linked 3 times on this page."
"index2.html","DUPLICATE_INTERNAL_LINK","index2.html","Target linked 2 times on this page."
"index2.html","DUPLICATE_INTERNAL_LINK","podcasts.html","Target linked 2 times on this page."
"islamabad-podcast-proposal.html","BROKEN_LINK","regions/south-asia.html","Target HTML file does not exist in workspace."
"islamabad-podcast-proposal.html","DUPLICATE_INTERNAL_LINK","about.html","Target linked 2 times on this page."
"islamabad-podcast-proposal.html","DUPLICATE_INTERNAL_LINK","index.html","Target linked 2 times on this page."
"islamabad-podcast-proposal.html","DUPLICATE_INTERNAL_LINK","podcasts.html","Target linked 2 times on this page."
"istanbul-comparison.html","DUPLICATE_INTERNAL_LINK","index.html","Target linked 4 times on this page."
"istanbul-comparison.html","DUPLICATE_INTERNAL_LINK","index2.html","Target linked 2 times on this page."
"istanbul-comparison.html","DUPLICATE_INTERNAL_LINK","comparison.html","Target linked 3 times on this page."
"istanbul-comparison.html","DUPLICATE_INTERNAL_LINK","podcasts.html","Target linked 2 times on this page."
"istanbul-coworking-guide.html","DUPLICATE_INTERNAL_LINK","about.html","Target linked 2 times on this page."
"istanbul-coworking-guide.html","DUPLICATE_INTERNAL_LINK","index2.html","Target linked 6 times on this page."
"istanbul-coworking-guide.html","DUPLICATE_INTERNAL_LINK","comparison.html","Target linked 4 times on this page."
"istanbul-coworking-guide.html","DUPLICATE_INTERNAL_LINK","index.html","Target linked 5 times on this page."
"istanbul-podcast-proposal.html","BROKEN_LINK","regions/middle-east.html","Target HTML file does not exist in workspace."
"istanbul-podcast-proposal.html","DUPLICATE_INTERNAL_LINK","about.html","Target linked 2 times on this page."
"istanbul-podcast-proposal.html","DUPLICATE_INTERNAL_LINK","podcasts.html","Target linked 2 times on this page."
"istanbul-podcast-proposal.html","DUPLICATE_INTERNAL_LINK","index.html","Target linked 2 times on this page."
"izmir-podcast-proposal.html","BROKEN_LINK","regions/middle-east.html","Target HTML file does not exist in workspace."
"izmir-podcast-proposal.html","DUPLICATE_INTERNAL_LINK","about.html","Target linked 2 times on this page."
"izmir-podcast-proposal.html","DUPLICATE_INTERNAL_LINK","podcasts.html","Target linked 2 times on this page."
"izmir-podcast-proposal.html","DUPLICATE_INTERNAL_LINK","index.html","Target linked 2 times on this page."
"jaipur-podcast-proposal.html","BROKEN_LINK","regions/south-asia.html","Target HTML file does not exist in workspace."
"jaipur-podcast-proposal.html","DUPLICATE_INTERNAL_LINK","about.html","Target linked 2 times on this page."
"jaipur-podcast-proposal.html","DUPLICATE_INTERNAL_LINK","index.html","Target linked 2 times on this page."
"jaipur-podcast-proposal.html","DUPLICATE_INTERNAL_LINK","podcasts.html","Target linked 2 times on this page."
"jakarta-comparison.html","DUPLICATE_INTERNAL_LINK","index.html","Target linked 4 times on this page."
"jakarta-comparison.html","DUPLICATE_INTERNAL_LINK","index2.html","Target linked 2 times on this page."
"jakarta-comparison.html","DUPLICATE_INTERNAL_LINK","comparison.html","Target linked 3 times on this page."
"jakarta-comparison.html","DUPLICATE_INTERNAL_LINK","podcasts.html","Target linked 2 times on this page."
"jakarta-coworking-guide.html","DUPLICATE_INTERNAL_LINK","about.html","Target linked 2 times on this page."
"jakarta-coworking-guide.html","DUPLICATE_INTERNAL_LINK","index2.html","Target linked 6 times on this page."
"jakarta-coworking-guide.html","DUPLICATE_INTERNAL_LINK","comparison.html","Target linked 4 times on this page."
"jakarta-coworking-guide.html","DUPLICATE_INTERNAL_LINK","index.html","Target linked 5 times on this page."
"jakarta-podcast-proposal.html","BROKEN_LINK","regions/southeast-asia.html","Target HTML file does not exist in workspace."
"jakarta-podcast-proposal.html","DUPLICATE_INTERNAL_LINK","about.html","Target linked 2 times on this page."
"jakarta-podcast-proposal.html","DUPLICATE_INTERNAL_LINK","podcasts.html","Target linked 2 times on this page."
"jakarta-podcast-proposal.html","DUPLICATE_INTERNAL_LINK","index.html","Target linked 2 times on this page."
"jeddah-comparison.html","DUPLICATE_INTERNAL_LINK","index.html","Target linked 4 times on this page."
"jeddah-comparison.html","DUPLICATE_INTERNAL_LINK","index2.html","Target linked 2 times on this page."
"jeddah-comparison.html","DUPLICATE_INTERNAL_LINK","comparison.html","Target linked 3 times on this page."
"jeddah-comparison.html","DUPLICATE_INTERNAL_LINK","podcasts.html","Target linked 2 times on this page."
"jeddah-coworking-guide.html","DUPLICATE_INTERNAL_LINK","about.html","Target linked 2 times on this page."
"jeddah-coworking-guide.html","DUPLICATE_INTERNAL_LINK","index2.html","Target linked 6 times on this page."
"jeddah-coworking-guide.html","DUPLICATE_INTERNAL_LINK","comparison.html","Target linked 4 times on this page."
"jeddah-coworking-guide.html","DUPLICATE_INTERNAL_LINK","index.html","Target linked 5 times on this page."
"jeddah-podcast-proposal.html","BROKEN_LINK","regions/middle-east.html","Target HTML file does not exist in workspace."
"jeddah-podcast-proposal.html","DUPLICATE_INTERNAL_LINK","about.html","Target linked 2 times on this page."
"jeddah-podcast-proposal.html","DUPLICATE_INTERNAL_LINK","podcasts.html","Target linked 2 times on this page."
"jeddah-podcast-proposal.html","DUPLICATE_INTERNAL_LINK","index.html","Target linked 2 times on this page."
"jeju-podcast-proposal.html","BROKEN_LINK","regions/east-asia.html","Target HTML file does not exist in workspace."
"jeju-podcast-proposal.html","DUPLICATE_INTERNAL_LINK","about.html","Target linked 2 times on this page."
"jeju-podcast-proposal.html","DUPLICATE_INTERNAL_LINK","podcasts.html","Target linked 2 times on this page."
"jeju-podcast-proposal.html","DUPLICATE_INTERNAL_LINK","index.html","Target linked 2 times on this page."
"johannesburg-comparison.html","DUPLICATE_INTERNAL_LINK","index.html","Target linked 4 times on this page."
"johannesburg-comparison.html","DUPLICATE_INTERNAL_LINK","index2.html","Target linked 2 times on this page."
"johannesburg-comparison.html","DUPLICATE_INTERNAL_LINK","comparison.html","Target linked 3 times on this page."
"johannesburg-comparison.html","DUPLICATE_INTERNAL_LINK","podcasts.html","Target linked 2 times on this page."
"johannesburg-coworking-guide.html","DUPLICATE_INTERNAL_LINK","about.html","Target linked 2 times on this page."
"johannesburg-coworking-guide.html","DUPLICATE_INTERNAL_LINK","index2.html","Target linked 6 times on this page."
"johannesburg-coworking-guide.html","DUPLICATE_INTERNAL_LINK","comparison.html","Target linked 4 times on this page."
"johannesburg-coworking-guide.html","DUPLICATE_INTERNAL_LINK","index.html","Target linked 5 times on this page."
"johannesburg-podcast-proposal.html","BROKEN_LINK","regions/africa.html","Target HTML file does not exist in workspace."
"johannesburg-podcast-proposal.html","DUPLICATE_INTERNAL_LINK","about.html","Target linked 2 times on this page."
"johannesburg-podcast-proposal.html","DUPLICATE_INTERNAL_LINK","index.html","Target linked 2 times on this page."
"johannesburg-podcast-proposal.html","DUPLICATE_INTERNAL_LINK","podcasts.html","Target linked 2 times on this page."
"kampala-comparison.html","DUPLICATE_INTERNAL_LINK","index.html","Target linked 4 times on this page."
"kampala-comparison.html","DUPLICATE_INTERNAL_LINK","index2.html","Target linked 2 times on this page."
"kampala-comparison.html","DUPLICATE_INTERNAL_LINK","comparison.html","Target linked 3 times on this page."
"kampala-comparison.html","DUPLICATE_INTERNAL_LINK","podcasts.html","Target linked 2 times on this page."
"kampala-coworking-guide.html","DUPLICATE_INTERNAL_LINK","about.html","Target linked 2 times on this page."
"kampala-coworking-guide.html","DUPLICATE_INTERNAL_LINK","index2.html","Target linked 6 times on this page."
"kampala-coworking-guide.html","DUPLICATE_INTERNAL_LINK","comparison.html","Target linked 4 times on this page."
"kampala-coworking-guide.html","DUPLICATE_INTERNAL_LINK","index.html","Target linked 5 times on this page."
"kampala-podcast-proposal.html","BROKEN_LINK","regions/africa.html","Target HTML file does not exist in workspace."
"kampala-podcast-proposal.html","DUPLICATE_INTERNAL_LINK","about.html","Target linked 2 times on this page."
"kampala-podcast-proposal.html","DUPLICATE_INTERNAL_LINK","index.html","Target linked 2 times on this page."
"kampala-podcast-proposal.html","DUPLICATE_INTERNAL_LINK","podcasts.html","Target linked 2 times on this page."
"kandy-podcast-proposal.html","BROKEN_LINK","regions/south-asia.html","Target HTML file does not exist in workspace."
"kandy-podcast-proposal.html","DUPLICATE_INTERNAL_LINK","about.html","Target linked 2 times on this page."
"kandy-podcast-proposal.html","DUPLICATE_INTERNAL_LINK","index.html","Target linked 2 times on this page."
"kandy-podcast-proposal.html","DUPLICATE_INTERNAL_LINK","podcasts.html","Target linked 2 times on this page."
"kaohsiung-podcast-proposal.html","BROKEN_LINK","regions/east-asia.html","Target HTML file does not exist in workspace."
"kaohsiung-podcast-proposal.html","DUPLICATE_INTERNAL_LINK","about.html","Target linked 2 times on this page."
"kaohsiung-podcast-proposal.html","DUPLICATE_INTERNAL_LINK","podcasts.html","Target linked 2 times on this page."
"kaohsiung-podcast-proposal.html","DUPLICATE_INTERNAL_LINK","index.html","Target linked 2 times on this page."
"karachi-podcast-proposal.html","BROKEN_LINK","regions/south-asia.html","Target HTML file does not exist in workspace."
"karachi-podcast-proposal.html","DUPLICATE_INTERNAL_LINK","about.html","Target linked 2 times on this page."
"karachi-podcast-proposal.html","DUPLICATE_INTERNAL_LINK","index.html","Target linked 2 times on this page."
"karachi-podcast-proposal.html","DUPLICATE_INTERNAL_LINK","podcasts.html","Target linked 2 times on this page."
"kathmandu-comparison.html","DUPLICATE_INTERNAL_LINK","index.html","Target linked 4 times on this page."
"kathmandu-comparison.html","DUPLICATE_INTERNAL_LINK","index2.html","Target linked 2 times on this page."
"kathmandu-comparison.html","DUPLICATE_INTERNAL_LINK","comparison.html","Target linked 3 times on this page."
"kathmandu-comparison.html","DUPLICATE_INTERNAL_LINK","podcasts.html","Target linked 2 times on this page."
"kathmandu-coworking-guide.html","DUPLICATE_INTERNAL_LINK","index2.html","Target linked 6 times on this page."
"kathmandu-coworking-guide.html","DUPLICATE_INTERNAL_LINK","bangkok-coworking-guide.html","Target linked 2 times on this page."
"kathmandu-coworking-guide.html","DUPLICATE_INTERNAL_LINK","index.html","Target linked 5 times on this page."
"kathmandu-coworking-guide.html","DUPLICATE_INTERNAL_LINK","comparison.html","Target linked 4 times on this page."
"kathmandu-coworking-guide.html","DUPLICATE_INTERNAL_LINK","about.html","Target linked 2 times on this page."
"kathmandu-podcast-proposal.html","BROKEN_LINK","regions/south-asia.html","Target HTML file does not exist in workspace."
"kathmandu-podcast-proposal.html","DUPLICATE_INTERNAL_LINK","about.html","Target linked 2 times on this page."
"kathmandu-podcast-proposal.html","DUPLICATE_INTERNAL_LINK","index.html","Target linked 2 times on this page."
"kathmandu-podcast-proposal.html","DUPLICATE_INTERNAL_LINK","podcasts.html","Target linked 2 times on this page."
"kaunas-podcast-proposal.html","BROKEN_LINK","regions/uk-eastern-europe.html","Target HTML file does not exist in workspace."
"kaunas-podcast-proposal.html","DUPLICATE_INTERNAL_LINK","about.html","Target linked 2 times on this page."
"kaunas-podcast-proposal.html","DUPLICATE_INTERNAL_LINK","podcasts.html","Target linked 2 times on this page."
"kaunas-podcast-proposal.html","DUPLICATE_INTERNAL_LINK","index.html","Target linked 2 times on this page."
"khujand-podcast-proposal.html","BROKEN_LINK","regions/central-asia.html","Target HTML file does not exist in workspace."
"khujand-podcast-proposal.html","DUPLICATE_INTERNAL_LINK","about.html","Target linked 2 times on this page."
"khujand-podcast-proposal.html","DUPLICATE_INTERNAL_LINK","index.html","Target linked 2 times on this page."
"khujand-podcast-proposal.html","DUPLICATE_INTERNAL_LINK","podcasts.html","Target linked 2 times on this page."
"kigali-comparison.html","DUPLICATE_INTERNAL_LINK","index2.html","Target linked 2 times on this page."
"kigali-comparison.html","DUPLICATE_INTERNAL_LINK","index.html","Target linked 4 times on this page."
"kigali-comparison.html","DUPLICATE_INTERNAL_LINK","comparison.html","Target linked 3 times on this page."
"kigali-comparison.html","DUPLICATE_INTERNAL_LINK","podcasts.html","Target linked 2 times on this page."
"kigali-coworking-guide.html","DUPLICATE_INTERNAL_LINK","about.html","Target linked 2 times on this page."
"kigali-coworking-guide.html","DUPLICATE_INTERNAL_LINK","index2.html","Target linked 6 times on this page."
"kigali-coworking-guide.html","DUPLICATE_INTERNAL_LINK","comparison.html","Target linked 4 times on this page."
"kigali-coworking-guide.html","DUPLICATE_INTERNAL_LINK","index.html","Target linked 5 times on this page."
"kigali-podcast-proposal.html","BROKEN_LINK","regions/africa.html","Target HTML file does not exist in workspace."
"kigali-podcast-proposal.html","DUPLICATE_INTERNAL_LINK","about.html","Target linked 2 times on this page."
"kigali-podcast-proposal.html","DUPLICATE_INTERNAL_LINK","index.html","Target linked 2 times on this page."
"kigali-podcast-proposal.html","DUPLICATE_INTERNAL_LINK","podcasts.html","Target linked 2 times on this page."
"kingston-comparison.html","DUPLICATE_INTERNAL_LINK","index.html","Target linked 4 times on this page."
"kingston-comparison.html","DUPLICATE_INTERNAL_LINK","index2.html","Target linked 2 times on this page."
"kingston-comparison.html","DUPLICATE_INTERNAL_LINK","comparison.html","Target linked 3 times on this page."
"kingston-comparison.html","DUPLICATE_INTERNAL_LINK","podcasts.html","Target linked 2 times on this page."
"kingston-coworking-guide.html","DUPLICATE_INTERNAL_LINK","index.html","Target linked 5 times on this page."
"kingston-coworking-guide.html","DUPLICATE_INTERNAL_LINK","index2.html","Target linked 6 times on this page."
"kingston-coworking-guide.html","DUPLICATE_INTERNAL_LINK","bangkok-coworking-guide.html","Target linked 2 times on this page."
"kingston-coworking-guide.html","DUPLICATE_INTERNAL_LINK","about.html","Target linked 2 times on this page."
"kingston-coworking-guide.html","DUPLICATE_INTERNAL_LINK","comparison.html","Target linked 4 times on this page."
"kingston-podcast-proposal.html","DUPLICATE_INTERNAL_LINK","index.html","Target linked 5 times on this page."
"kingston-podcast-proposal.html","DUPLICATE_INTERNAL_LINK","index2.html","Target linked 2 times on this page."
"kingston-podcast-proposal.html","DUPLICATE_INTERNAL_LINK","comparison.html","Target linked 2 times on this page."
"kingston-podcast-proposal.html","DUPLICATE_INTERNAL_LINK","about.html","Target linked 2 times on this page."
"kingston-podcast-proposal.html","DUPLICATE_INTERNAL_LINK","podcasts.html","Target linked 3 times on this page."
"kolkata-comparison.html","DUPLICATE_INTERNAL_LINK","index.html","Target linked 4 times on this page."
"kolkata-comparison.html","DUPLICATE_INTERNAL_LINK","index2.html","Target linked 2 times on this page."
"kolkata-comparison.html","DUPLICATE_INTERNAL_LINK","comparison.html","Target linked 3 times on this page."
"kolkata-comparison.html","DUPLICATE_INTERNAL_LINK","podcasts.html","Target linked 2 times on this page."
"kolkata-coworking-guide.html","DUPLICATE_INTERNAL_LINK","about.html","Target linked 2 times on this page."
"kolkata-coworking-guide.html","DUPLICATE_INTERNAL_LINK","index2.html","Target linked 6 times on this page."
"kolkata-coworking-guide.html","DUPLICATE_INTERNAL_LINK","comparison.html","Target linked 4 times on this page."
"kolkata-coworking-guide.html","DUPLICATE_INTERNAL_LINK","index.html","Target linked 5 times on this page."
"kolkata-podcast-proposal.html","DUPLICATE_INTERNAL_LINK","index.html","Target linked 5 times on this page."
"kolkata-podcast-proposal.html","DUPLICATE_INTERNAL_LINK","index2.html","Target linked 2 times on this page."
"kolkata-podcast-proposal.html","DUPLICATE_INTERNAL_LINK","comparison.html","Target linked 2 times on this page."
"kolkata-podcast-proposal.html","DUPLICATE_INTERNAL_LINK","about.html","Target linked 2 times on this page."
"kolkata-podcast-proposal.html","DUPLICATE_INTERNAL_LINK","podcasts.html","Target linked 3 times on this page."
"krakow-podcast-proposal.html","BROKEN_LINK","regions/uk-eastern-europe.html","Target HTML file does not exist in workspace."
"krakow-podcast-proposal.html","DUPLICATE_INTERNAL_LINK","about.html","Target linked 2 times on this page."
"krakow-podcast-proposal.html","DUPLICATE_INTERNAL_LINK","podcasts.html","Target linked 2 times on this page."
"krakow-podcast-proposal.html","DUPLICATE_INTERNAL_LINK","index.html","Target linked 2 times on this page."
"kuala-lumpur-comparison.html","DUPLICATE_INTERNAL_LINK","index2.html","Target linked 2 times on this page."
"kuala-lumpur-comparison.html","DUPLICATE_INTERNAL_LINK","index.html","Target linked 4 times on this page."
"kuala-lumpur-comparison.html","DUPLICATE_INTERNAL_LINK","comparison.html","Target linked 3 times on this page."
"kuala-lumpur-comparison.html","DUPLICATE_INTERNAL_LINK","podcasts.html","Target linked 2 times on this page."
"kuala-lumpur-coworking-guide.html","DUPLICATE_INTERNAL_LINK","about.html","Target linked 2 times on this page."
"kuala-lumpur-coworking-guide.html","DUPLICATE_INTERNAL_LINK","index2.html","Target linked 6 times on this page."
"kuala-lumpur-coworking-guide.html","DUPLICATE_INTERNAL_LINK","comparison.html","Target linked 4 times on this page."
"kuala-lumpur-coworking-guide.html","DUPLICATE_INTERNAL_LINK","index.html","Target linked 5 times on this page."
"kuala-lumpur-podcast-proposal.html","BROKEN_LINK","regions/southeast-asia.html","Target HTML file does not exist in workspace."
"kuala-lumpur-podcast-proposal.html","DUPLICATE_INTERNAL_LINK","about.html","Target linked 2 times on this page."
"kuala-lumpur-podcast-proposal.html","DUPLICATE_INTERNAL_LINK","podcasts.html","Target linked 2 times on this page."
"kuala-lumpur-podcast-proposal.html","DUPLICATE_INTERNAL_LINK","index.html","Target linked 2 times on this page."
"kuwait-city-podcast-proposal.html","BROKEN_LINK","regions/middle-east.html","Target HTML file does not exist in workspace."
"kuwait-city-podcast-proposal.html","DUPLICATE_INTERNAL_LINK","about.html","Target linked 2 times on this page."
"kuwait-city-podcast-proposal.html","DUPLICATE_INTERNAL_LINK","podcasts.html","Target linked 2 times on this page."
"kuwait-city-podcast-proposal.html","DUPLICATE_INTERNAL_LINK","index.html","Target linked 2 times on this page."
"kyiv-comparison.html","DUPLICATE_INTERNAL_LINK","index.html","Target linked 4 times on this page."
"kyiv-comparison.html","DUPLICATE_INTERNAL_LINK","index2.html","Target linked 2 times on this page."
"kyiv-comparison.html","DUPLICATE_INTERNAL_LINK","comparison.html","Target linked 3 times on this page."
"kyiv-comparison.html","DUPLICATE_INTERNAL_LINK","podcasts.html","Target linked 2 times on this page."
"kyiv-coworking-guide.html","DUPLICATE_INTERNAL_LINK","about.html","Target linked 2 times on this page."
"kyiv-coworking-guide.html","DUPLICATE_INTERNAL_LINK","index2.html","Target linked 6 times on this page."
"kyiv-coworking-guide.html","DUPLICATE_INTERNAL_LINK","comparison.html","Target linked 4 times on this page."
"kyiv-coworking-guide.html","DUPLICATE_INTERNAL_LINK","index.html","Target linked 5 times on this page."
"kyiv-podcast-proposal.html","DUPLICATE_INTERNAL_LINK","index.html","Target linked 5 times on this page."
"kyiv-podcast-proposal.html","DUPLICATE_INTERNAL_LINK","index2.html","Target linked 2 times on this page."
"kyiv-podcast-proposal.html","DUPLICATE_INTERNAL_LINK","comparison.html","Target linked 2 times on this page."
"kyiv-podcast-proposal.html","DUPLICATE_INTERNAL_LINK","about.html","Target linked 2 times on this page."
"kyiv-podcast-proposal.html","DUPLICATE_INTERNAL_LINK","podcasts.html","Target linked 3 times on this page."
"kyoto-podcast-proposal.html","BROKEN_LINK","regions/east-asia.html","Target HTML file does not exist in workspace."
"kyoto-podcast-proposal.html","DUPLICATE_INTERNAL_LINK","about.html","Target linked 2 times on this page."
"kyoto-podcast-proposal.html","DUPLICATE_INTERNAL_LINK","podcasts.html","Target linked 2 times on this page."
"kyoto-podcast-proposal.html","DUPLICATE_INTERNAL_LINK","index.html","Target linked 2 times on this page."
"la-paz-comparison.html","DUPLICATE_INTERNAL_LINK","index.html","Target linked 4 times on this page."
"la-paz-comparison.html","DUPLICATE_INTERNAL_LINK","index2.html","Target linked 2 times on this page."
"la-paz-comparison.html","DUPLICATE_INTERNAL_LINK","comparison.html","Target linked 3 times on this page."
"la-paz-comparison.html","DUPLICATE_INTERNAL_LINK","podcasts.html","Target linked 2 times on this page."
"la-paz-coworking-guide.html","DUPLICATE_INTERNAL_LINK","about.html","Target linked 2 times on this page."
"la-paz-coworking-guide.html","DUPLICATE_INTERNAL_LINK","index2.html","Target linked 6 times on this page."
"la-paz-coworking-guide.html","DUPLICATE_INTERNAL_LINK","comparison.html","Target linked 4 times on this page."
"la-paz-coworking-guide.html","DUPLICATE_INTERNAL_LINK","index.html","Target linked 5 times on this page."
"la-paz-podcast-proposal.html","BROKEN_LINK","regions/south-america.html","Target HTML file does not exist in workspace."
"la-paz-podcast-proposal.html","DUPLICATE_INTERNAL_LINK","about.html","Target linked 2 times on this page."
"la-paz-podcast-proposal.html","DUPLICATE_INTERNAL_LINK","podcasts.html","Target linked 2 times on this page."
"la-paz-podcast-proposal.html","DUPLICATE_INTERNAL_LINK","index.html","Target linked 2 times on this page."
"lagos-comparison.html","DUPLICATE_INTERNAL_LINK","index.html","Target linked 4 times on this page."
"lagos-comparison.html","DUPLICATE_INTERNAL_LINK","index2.html","Target linked 2 times on this page."
"lagos-comparison.html","DUPLICATE_INTERNAL_LINK","comparison.html","Target linked 3 times on this page."
"lagos-comparison.html","DUPLICATE_INTERNAL_LINK","podcasts.html","Target linked 2 times on this page."
"lagos-coworking-guide.html","DUPLICATE_INTERNAL_LINK","about.html","Target linked 2 times on this page."
"lagos-coworking-guide.html","DUPLICATE_INTERNAL_LINK","index2.html","Target linked 6 times on this page."
"lagos-coworking-guide.html","DUPLICATE_INTERNAL_LINK","comparison.html","Target linked 4 times on this page."
"lagos-coworking-guide.html","DUPLICATE_INTERNAL_LINK","index.html","Target linked 5 times on this page."
"lagos-podcast-proposal.html","BROKEN_LINK","regions/africa.html","Target HTML file does not exist in workspace."
"lagos-podcast-proposal.html","DUPLICATE_INTERNAL_LINK","about.html","Target linked 2 times on this page."
"lagos-podcast-proposal.html","DUPLICATE_INTERNAL_LINK","index.html","Target linked 2 times on this page."
"lagos-podcast-proposal.html","DUPLICATE_INTERNAL_LINK","podcasts.html","Target linked 2 times on this page."
"lahore-podcast-proposal.html","BROKEN_LINK","regions/south-asia.html","Target HTML file does not exist in workspace."
"lahore-podcast-proposal.html","DUPLICATE_INTERNAL_LINK","about.html","Target linked 2 times on this page."
"lahore-podcast-proposal.html","DUPLICATE_INTERNAL_LINK","index.html","Target linked 2 times on this page."
"lahore-podcast-proposal.html","DUPLICATE_INTERNAL_LINK","podcasts.html","Target linked 2 times on this page."
"las-vegas-comparison.html","DUPLICATE_INTERNAL_LINK","index.html","Target linked 4 times on this page."
"las-vegas-comparison.html","DUPLICATE_INTERNAL_LINK","index2.html","Target linked 2 times on this page."
"las-vegas-comparison.html","DUPLICATE_INTERNAL_LINK","podcasts.html","Target linked 2 times on this page."
"las-vegas-comparison.html","DUPLICATE_INTERNAL_LINK","comparison.html","Target linked 3 times on this page."
"las-vegas-coworking-guide.html","DUPLICATE_INTERNAL_LINK","about.html","Target linked 2 times on this page."
"las-vegas-coworking-guide.html","DUPLICATE_INTERNAL_LINK","index2.html","Target linked 6 times on this page."
"las-vegas-coworking-guide.html","DUPLICATE_INTERNAL_LINK","comparison.html","Target linked 4 times on this page."
"las-vegas-coworking-guide.html","DUPLICATE_INTERNAL_LINK","index.html","Target linked 5 times on this page."
"las-vegas-podcast-proposal.html","DUPLICATE_INTERNAL_LINK","index.html","Target linked 5 times on this page."
"las-vegas-podcast-proposal.html","DUPLICATE_INTERNAL_LINK","index2.html","Target linked 2 times on this page."
"las-vegas-podcast-proposal.html","DUPLICATE_INTERNAL_LINK","podcasts.html","Target linked 3 times on this page."
"las-vegas-podcast-proposal.html","DUPLICATE_INTERNAL_LINK","comparison.html","Target linked 2 times on this page."
"las-vegas-podcast-proposal.html","DUPLICATE_INTERNAL_LINK","about.html","Target linked 2 times on this page."
"laval-comparison.html","DUPLICATE_INTERNAL_LINK","index.html","Target linked 4 times on this page."
"laval-comparison.html","DUPLICATE_INTERNAL_LINK","index2.html","Target linked 2 times on this page."
"laval-comparison.html","DUPLICATE_INTERNAL_LINK","comparison.html","Target linked 3 times on this page."
"laval-comparison.html","DUPLICATE_INTERNAL_LINK","podcasts.html","Target linked 2 times on this page."
"laval-coworking-guide.html","DUPLICATE_INTERNAL_LINK","about.html","Target linked 2 times on this page."
"laval-coworking-guide.html","DUPLICATE_INTERNAL_LINK","index2.html","Target linked 6 times on this page."
"laval-coworking-guide.html","DUPLICATE_INTERNAL_LINK","comparison.html","Target linked 4 times on this page."
"laval-coworking-guide.html","DUPLICATE_INTERNAL_LINK","index.html","Target linked 5 times on this page."
"laval-podcast-proposal.html","DUPLICATE_INTERNAL_LINK","index.html","Target linked 5 times on this page."
"laval-podcast-proposal.html","DUPLICATE_INTERNAL_LINK","index2.html","Target linked 2 times on this page."
"laval-podcast-proposal.html","DUPLICATE_INTERNAL_LINK","comparison.html","Target linked 2 times on this page."
"laval-podcast-proposal.html","DUPLICATE_INTERNAL_LINK","about.html","Target linked 2 times on this page."
"laval-podcast-proposal.html","DUPLICATE_INTERNAL_LINK","podcasts.html","Target linked 3 times on this page."
"leeds-comparison.html","DUPLICATE_INTERNAL_LINK","index.html","Target linked 4 times on this page."
"leeds-comparison.html","DUPLICATE_INTERNAL_LINK","index2.html","Target linked 2 times on this page."
"leeds-comparison.html","DUPLICATE_INTERNAL_LINK","comparison.html","Target linked 3 times on this page."
"leeds-comparison.html","DUPLICATE_INTERNAL_LINK","podcasts.html","Target linked 2 times on this page."
"leeds-coworking-guide.html","DUPLICATE_INTERNAL_LINK","about.html","Target linked 2 times on this page."
"leeds-coworking-guide.html","DUPLICATE_INTERNAL_LINK","index2.html","Target linked 6 times on this page."
"leeds-coworking-guide.html","DUPLICATE_INTERNAL_LINK","comparison.html","Target linked 4 times on this page."
"leeds-coworking-guide.html","DUPLICATE_INTERNAL_LINK","index.html","Target linked 5 times on this page."
"leeds-podcast-proposal.html","DUPLICATE_INTERNAL_LINK","index.html","Target linked 5 times on this page."
"leeds-podcast-proposal.html","DUPLICATE_INTERNAL_LINK","index2.html","Target linked 2 times on this page."
"leeds-podcast-proposal.html","DUPLICATE_INTERNAL_LINK","comparison.html","Target linked 2 times on this page."
"leeds-podcast-proposal.html","DUPLICATE_INTERNAL_LINK","about.html","Target linked 2 times on this page."
"leeds-podcast-proposal.html","DUPLICATE_INTERNAL_LINK","podcasts.html","Target linked 3 times on this page."
"leipzig-comparison.html","DUPLICATE_INTERNAL_LINK","index.html","Target linked 4 times on this page."
"leipzig-comparison.html","DUPLICATE_INTERNAL_LINK","index2.html","Target linked 2 times on this page."
"leipzig-comparison.html","DUPLICATE_INTERNAL_LINK","comparison.html","Target linked 3 times on this page."
"leipzig-comparison.html","DUPLICATE_INTERNAL_LINK","podcasts.html","Target linked 2 times on this page."
"leipzig-coworking-guide.html","DUPLICATE_INTERNAL_LINK","about.html","Target linked 2 times on this page."
"leipzig-coworking-guide.html","DUPLICATE_INTERNAL_LINK","index2.html","Target linked 6 times on this page."
"leipzig-coworking-guide.html","DUPLICATE_INTERNAL_LINK","comparison.html","Target linked 4 times on this page."
"leipzig-coworking-guide.html","DUPLICATE_INTERNAL_LINK","index.html","Target linked 5 times on this page."
"leipzig-podcast-proposal.html","DUPLICATE_INTERNAL_LINK","index.html","Target linked 5 times on this page."
"leipzig-podcast-proposal.html","DUPLICATE_INTERNAL_LINK","index2.html","Target linked 2 times on this page."
"leipzig-podcast-proposal.html","DUPLICATE_INTERNAL_LINK","about.html","Target linked 2 times on this page."
"leipzig-podcast-proposal.html","DUPLICATE_INTERNAL_LINK","comparison.html","Target linked 2 times on this page."
"leipzig-podcast-proposal.html","DUPLICATE_INTERNAL_LINK","podcasts.html","Target linked 3 times on this page."
"leon-comparison.html","DUPLICATE_INTERNAL_LINK","index.html","Target linked 4 times on this page."
"leon-comparison.html","DUPLICATE_INTERNAL_LINK","index2.html","Target linked 2 times on this page."
"leon-comparison.html","DUPLICATE_INTERNAL_LINK","comparison.html","Target linked 3 times on this page."
"leon-comparison.html","DUPLICATE_INTERNAL_LINK","podcasts.html","Target linked 2 times on this page."
"leon-coworking-guide.html","DUPLICATE_INTERNAL_LINK","about.html","Target linked 2 times on this page."
"leon-coworking-guide.html","DUPLICATE_INTERNAL_LINK","index2.html","Target linked 6 times on this page."
"leon-coworking-guide.html","DUPLICATE_INTERNAL_LINK","comparison.html","Target linked 4 times on this page."
"leon-coworking-guide.html","DUPLICATE_INTERNAL_LINK","index.html","Target linked 5 times on this page."
"leon-podcast-proposal.html","DUPLICATE_INTERNAL_LINK","index.html","Target linked 5 times on this page."
"leon-podcast-proposal.html","DUPLICATE_INTERNAL_LINK","index2.html","Target linked 2 times on this page."
"leon-podcast-proposal.html","DUPLICATE_INTERNAL_LINK","comparison.html","Target linked 2 times on this page."
"leon-podcast-proposal.html","DUPLICATE_INTERNAL_LINK","about.html","Target linked 2 times on this page."
"leon-podcast-proposal.html","DUPLICATE_INTERNAL_LINK","podcasts.html","Target linked 3 times on this page."
"lima-comparison.html","DUPLICATE_INTERNAL_LINK","index.html","Target linked 4 times on this page."
"lima-comparison.html","DUPLICATE_INTERNAL_LINK","index2.html","Target linked 2 times on this page."
"lima-comparison.html","DUPLICATE_INTERNAL_LINK","comparison.html","Target linked 3 times on this page."
"lima-comparison.html","DUPLICATE_INTERNAL_LINK","podcasts.html","Target linked 2 times on this page."
"lima-coworking-guide.html","DUPLICATE_INTERNAL_LINK","index.html","Target linked 5 times on this page."
"lima-coworking-guide.html","DUPLICATE_INTERNAL_LINK","index2.html","Target linked 6 times on this page."
"lima-coworking-guide.html","DUPLICATE_INTERNAL_LINK","comparison.html","Target linked 4 times on this page."
"lima-coworking-guide.html","DUPLICATE_INTERNAL_LINK","about.html","Target linked 2 times on this page."
"lima-coworking-guide.html","DUPLICATE_INTERNAL_LINK","santiago-coworking-guide.html","Target linked 2 times on this page."
"lima-coworking-guide.html","DUPLICATE_INTERNAL_LINK","buenos-aires-coworking-guide.html","Target linked 2 times on this page."
"lima-podcast-proposal.html","BROKEN_LINK","regions/south-america.html","Target HTML file does not exist in workspace."
"lima-podcast-proposal.html","DUPLICATE_INTERNAL_LINK","about.html","Target linked 2 times on this page."
"lima-podcast-proposal.html","DUPLICATE_INTERNAL_LINK","podcasts.html","Target linked 2 times on this page."
"lima-podcast-proposal.html","DUPLICATE_INTERNAL_LINK","index.html","Target linked 2 times on this page."
"lisbon-comparison.html","DUPLICATE_INTERNAL_LINK","index.html","Target linked 4 times on this page."
"lisbon-comparison.html","DUPLICATE_INTERNAL_LINK","index2.html","Target linked 2 times on this page."
"lisbon-comparison.html","DUPLICATE_INTERNAL_LINK","comparison.html","Target linked 3 times on this page."
"lisbon-comparison.html","DUPLICATE_INTERNAL_LINK","podcasts.html","Target linked 2 times on this page."
"lisbon-coworking-guide.html","DUPLICATE_INTERNAL_LINK","index.html","Target linked 5 times on this page."
"lisbon-coworking-guide.html","DUPLICATE_INTERNAL_LINK","index2.html","Target linked 6 times on this page."
"lisbon-coworking-guide.html","DUPLICATE_INTERNAL_LINK","berlin-coworking-guide.html","Target linked 2 times on this page."
"lisbon-coworking-guide.html","DUPLICATE_INTERNAL_LINK","comparison.html","Target linked 4 times on this page."
"lisbon-podcast-proposal.html","BROKEN_LINK","regions/western-europe.html","Target HTML file does not exist in workspace."
"lisbon-podcast-proposal.html","DUPLICATE_INTERNAL_LINK","about.html","Target linked 2 times on this page."
"lisbon-podcast-proposal.html","DUPLICATE_INTERNAL_LINK","podcasts.html","Target linked 2 times on this page."
"lisbon-podcast-proposal.html","DUPLICATE_INTERNAL_LINK","index.html","Target linked 2 times on this page."
"lisbon-vs-bali-digital-nomad.html","DUPLICATE_INTERNAL_LINK","index.html","Target linked 3 times on this page."
"lisbon-vs-bali-digital-nomad.html","DUPLICATE_INTERNAL_LINK","index2.html","Target linked 2 times on this page."
"lisbon-vs-bali-digital-nomad.html","DUPLICATE_INTERNAL_LINK","comparison.html","Target linked 2 times on this page."
"lisbon-vs-bali-digital-nomad.html","DUPLICATE_INTERNAL_LINK","about.html","Target linked 2 times on this page."
"lisbon-vs-barcelona-digital-nomad.html","DUPLICATE_INTERNAL_LINK","index.html","Target linked 3 times on this page."
"lisbon-vs-barcelona-digital-nomad.html","DUPLICATE_INTERNAL_LINK","index2.html","Target linked 2 times on this page."
"lisbon-vs-barcelona-digital-nomad.html","DUPLICATE_INTERNAL_LINK","comparison.html","Target linked 2 times on this page."
"lisbon-vs-barcelona-digital-nomad.html","DUPLICATE_INTERNAL_LINK","about.html","Target linked 2 times on this page."
"lisbon-vs-berlin-digital-nomad.html","DUPLICATE_INTERNAL_LINK","index.html","Target linked 3 times on this page."
"lisbon-vs-berlin-digital-nomad.html","DUPLICATE_INTERNAL_LINK","index2.html","Target linked 2 times on this page."
"lisbon-vs-berlin-digital-nomad.html","DUPLICATE_INTERNAL_LINK","comparison.html","Target linked 2 times on this page."
"lisbon-vs-berlin-digital-nomad.html","DUPLICATE_INTERNAL_LINK","about.html","Target linked 2 times on this page."
"lisbon-vs-chiang-mai-digital-nomad.html","DUPLICATE_INTERNAL_LINK","index.html","Target linked 3 times on this page."
"lisbon-vs-chiang-mai-digital-nomad.html","DUPLICATE_INTERNAL_LINK","index2.html","Target linked 2 times on this page."
"lisbon-vs-chiang-mai-digital-nomad.html","DUPLICATE_INTERNAL_LINK","comparison.html","Target linked 2 times on this page."
"lisbon-vs-chiang-mai-digital-nomad.html","DUPLICATE_INTERNAL_LINK","about.html","Target linked 2 times on this page."
"lisbon-vs-medellin-digital-nomad.html","DUPLICATE_INTERNAL_LINK","index.html","Target linked 3 times on this page."
"lisbon-vs-medellin-digital-nomad.html","DUPLICATE_INTERNAL_LINK","index2.html","Target linked 2 times on this page."
"lisbon-vs-medellin-digital-nomad.html","DUPLICATE_INTERNAL_LINK","comparison.html","Target linked 2 times on this page."
"lisbon-vs-medellin-digital-nomad.html","DUPLICATE_INTERNAL_LINK","about.html","Target linked 2 times on this page."
"lisbon-vs-mexico-city-digital-nomad.html","DUPLICATE_INTERNAL_LINK","index.html","Target linked 3 times on this page."
"lisbon-vs-mexico-city-digital-nomad.html","DUPLICATE_INTERNAL_LINK","index2.html","Target linked 2 times on this page."
"lisbon-vs-mexico-city-digital-nomad.html","DUPLICATE_INTERNAL_LINK","comparison.html","Target linked 2 times on this page."
"lisbon-vs-mexico-city-digital-nomad.html","DUPLICATE_INTERNAL_LINK","about.html","Target linked 2 times on this page."
"lisbon-vs-tbilisi-digital-nomad.html","DUPLICATE_INTERNAL_LINK","index.html","Target linked 3 times on this page."
"lisbon-vs-tbilisi-digital-nomad.html","DUPLICATE_INTERNAL_LINK","index2.html","Target linked 2 times on this page."
"lisbon-vs-tbilisi-digital-nomad.html","DUPLICATE_INTERNAL_LINK","comparison.html","Target linked 2 times on this page."
"lisbon-vs-tbilisi-digital-nomad.html","DUPLICATE_INTERNAL_LINK","about.html","Target linked 2 times on this page."
"lisbon-vs-tokyo-digital-nomad.html","DUPLICATE_INTERNAL_LINK","index.html","Target linked 3 times on this page."
"lisbon-vs-tokyo-digital-nomad.html","DUPLICATE_INTERNAL_LINK","index2.html","Target linked 2 times on this page."
"lisbon-vs-tokyo-digital-nomad.html","DUPLICATE_INTERNAL_LINK","comparison.html","Target linked 2 times on this page."
"lisbon-vs-tokyo-digital-nomad.html","DUPLICATE_INTERNAL_LINK","about.html","Target linked 2 times on this page."
"liverpool-comparison.html","DUPLICATE_INTERNAL_LINK","index.html","Target linked 4 times on this page."
"liverpool-comparison.html","DUPLICATE_INTERNAL_LINK","index2.html","Target linked 2 times on this page."
"liverpool-comparison.html","DUPLICATE_INTERNAL_LINK","comparison.html","Target linked 3 times on this page."
"liverpool-comparison.html","DUPLICATE_INTERNAL_LINK","podcasts.html","Target linked 2 times on this page."
"liverpool-coworking-guide.html","DUPLICATE_INTERNAL_LINK","about.html","Target linked 2 times on this page."
"liverpool-coworking-guide.html","DUPLICATE_INTERNAL_LINK","index2.html","Target linked 6 times on this page."
"liverpool-coworking-guide.html","DUPLICATE_INTERNAL_LINK","comparison.html","Target linked 4 times on this page."
"liverpool-coworking-guide.html","DUPLICATE_INTERNAL_LINK","index.html","Target linked 5 times on this page."
"liverpool-podcast-proposal.html","DUPLICATE_INTERNAL_LINK","index.html","Target linked 5 times on this page."
"liverpool-podcast-proposal.html","DUPLICATE_INTERNAL_LINK","index2.html","Target linked 2 times on this page."
"liverpool-podcast-proposal.html","DUPLICATE_INTERNAL_LINK","comparison.html","Target linked 2 times on this page."
"liverpool-podcast-proposal.html","DUPLICATE_INTERNAL_LINK","about.html","Target linked 2 times on this page."
"liverpool-podcast-proposal.html","DUPLICATE_INTERNAL_LINK","podcasts.html","Target linked 3 times on this page."
"ljubljana-comparison.html","DUPLICATE_INTERNAL_LINK","index.html","Target linked 4 times on this page."
"ljubljana-comparison.html","DUPLICATE_INTERNAL_LINK","index2.html","Target linked 2 times on this page."
"ljubljana-comparison.html","DUPLICATE_INTERNAL_LINK","comparison.html","Target linked 3 times on this page."
"ljubljana-comparison.html","DUPLICATE_INTERNAL_LINK","podcasts.html","Target linked 2 times on this page."
"ljubljana-coworking-guide.html","DUPLICATE_INTERNAL_LINK","about.html","Target linked 2 times on this page."
"ljubljana-coworking-guide.html","DUPLICATE_INTERNAL_LINK","index2.html","Target linked 6 times on this page."
"ljubljana-coworking-guide.html","DUPLICATE_INTERNAL_LINK","comparison.html","Target linked 4 times on this page."
"ljubljana-coworking-guide.html","DUPLICATE_INTERNAL_LINK","index.html","Target linked 5 times on this page."
"ljubljana-podcast-proposal.html","BROKEN_LINK","regions/uk-eastern-europe.html","Target HTML file does not exist in workspace."
"ljubljana-podcast-proposal.html","DUPLICATE_INTERNAL_LINK","about.html","Target linked 2 times on this page."
"ljubljana-podcast-proposal.html","DUPLICATE_INTERNAL_LINK","podcasts.html","Target linked 2 times on this page."
"ljubljana-podcast-proposal.html","DUPLICATE_INTERNAL_LINK","index.html","Target linked 2 times on this page."
"london-comparison.html","DUPLICATE_INTERNAL_LINK","index.html","Target linked 4 times on this page."
"london-comparison.html","DUPLICATE_INTERNAL_LINK","index2.html","Target linked 2 times on this page."
"london-comparison.html","DUPLICATE_INTERNAL_LINK","comparison.html","Target linked 3 times on this page."
"london-comparison.html","DUPLICATE_INTERNAL_LINK","podcasts.html","Target linked 2 times on this page."
"london-coworking-guide.html","DUPLICATE_INTERNAL_LINK","about.html","Target linked 2 times on this page."
"london-coworking-guide.html","DUPLICATE_INTERNAL_LINK","index2.html","Target linked 6 times on this page."
"london-coworking-guide.html","DUPLICATE_INTERNAL_LINK","comparison.html","Target linked 4 times on this page."
"london-coworking-guide.html","DUPLICATE_INTERNAL_LINK","index.html","Target linked 5 times on this page."
"london-ontario-comparison.html","DUPLICATE_INTERNAL_LINK","index.html","Target linked 4 times on this page."
"london-ontario-comparison.html","DUPLICATE_INTERNAL_LINK","index2.html","Target linked 2 times on this page."
"london-ontario-comparison.html","DUPLICATE_INTERNAL_LINK","comparison.html","Target linked 3 times on this page."
"london-ontario-comparison.html","DUPLICATE_INTERNAL_LINK","podcasts.html","Target linked 2 times on this page."
"london-ontario-coworking-guide.html","DUPLICATE_INTERNAL_LINK","about.html","Target linked 2 times on this page."
"london-ontario-coworking-guide.html","DUPLICATE_INTERNAL_LINK","index2.html","Target linked 6 times on this page."
"london-ontario-coworking-guide.html","DUPLICATE_INTERNAL_LINK","comparison.html","Target linked 4 times on this page."
"london-ontario-coworking-guide.html","DUPLICATE_INTERNAL_LINK","index.html","Target linked 5 times on this page."
"london-ontario-podcast-proposal.html","DUPLICATE_INTERNAL_LINK","index.html","Target linked 5 times on this page."
"london-ontario-podcast-proposal.html","DUPLICATE_INTERNAL_LINK","index2.html","Target linked 2 times on this page."
"london-ontario-podcast-proposal.html","DUPLICATE_INTERNAL_LINK","comparison.html","Target linked 2 times on this page."
"london-ontario-podcast-proposal.html","DUPLICATE_INTERNAL_LINK","about.html","Target linked 2 times on this page."
"london-ontario-podcast-proposal.html","DUPLICATE_INTERNAL_LINK","podcasts.html","Target linked 3 times on this page."
"london-podcast-proposal.html","BROKEN_LINK","regions/uk-eastern-europe.html","Target HTML file does not exist in workspace."
"london-podcast-proposal.html","DUPLICATE_INTERNAL_LINK","about.html","Target linked 2 times on this page."
"london-podcast-proposal.html","DUPLICATE_INTERNAL_LINK","podcasts.html","Target linked 2 times on this page."
"london-podcast-proposal.html","DUPLICATE_INTERNAL_LINK","index.html","Target linked 2 times on this page."
"los-angeles-comparison.html","DUPLICATE_INTERNAL_LINK","index.html","Target linked 4 times on this page."
"los-angeles-comparison.html","DUPLICATE_INTERNAL_LINK","index2.html","Target linked 2 times on this page."
"los-angeles-comparison.html","DUPLICATE_INTERNAL_LINK","comparison.html","Target linked 3 times on this page."
"los-angeles-comparison.html","DUPLICATE_INTERNAL_LINK","podcasts.html","Target linked 2 times on this page."
"los-angeles-coworking-guide.html","DUPLICATE_INTERNAL_LINK","about.html","Target linked 2 times on this page."
"los-angeles-coworking-guide.html","DUPLICATE_INTERNAL_LINK","index2.html","Target linked 6 times on this page."
"los-angeles-coworking-guide.html","DUPLICATE_INTERNAL_LINK","comparison.html","Target linked 4 times on this page."
"los-angeles-coworking-guide.html","DUPLICATE_INTERNAL_LINK","index.html","Target linked 5 times on this page."
"los-angeles-podcast-proposal.html","BROKEN_LINK","regions/north-america.html","Target HTML file does not exist in workspace."
"los-angeles-podcast-proposal.html","DUPLICATE_INTERNAL_LINK","about.html","Target linked 2 times on this page."
"los-angeles-podcast-proposal.html","DUPLICATE_INTERNAL_LINK","podcasts.html","Target linked 2 times on this page."
"los-angeles-podcast-proposal.html","DUPLICATE_INTERNAL_LINK","index.html","Target linked 2 times on this page."
"louisville-comparison.html","DUPLICATE_INTERNAL_LINK","index.html","Target linked 4 times on this page."
"louisville-comparison.html","DUPLICATE_INTERNAL_LINK","index2.html","Target linked 2 times on this page."
"louisville-comparison.html","DUPLICATE_INTERNAL_LINK","comparison.html","Target linked 3 times on this page."
"louisville-comparison.html","DUPLICATE_INTERNAL_LINK","podcasts.html","Target linked 2 times on this page."
"louisville-coworking-guide.html","DUPLICATE_INTERNAL_LINK","about.html","Target linked 2 times on this page."
"louisville-coworking-guide.html","DUPLICATE_INTERNAL_LINK","index2.html","Target linked 6 times on this page."
"louisville-coworking-guide.html","DUPLICATE_INTERNAL_LINK","comparison.html","Target linked 4 times on this page."
"louisville-coworking-guide.html","DUPLICATE_INTERNAL_LINK","index.html","Target linked 5 times on this page."
"louisville-podcast-proposal.html","DUPLICATE_INTERNAL_LINK","index.html","Target linked 5 times on this page."
"louisville-podcast-proposal.html","DUPLICATE_INTERNAL_LINK","index2.html","Target linked 2 times on this page."
"louisville-podcast-proposal.html","DUPLICATE_INTERNAL_LINK","comparison.html","Target linked 2 times on this page."
"louisville-podcast-proposal.html","DUPLICATE_INTERNAL_LINK","about.html","Target linked 2 times on this page."
"louisville-podcast-proposal.html","DUPLICATE_INTERNAL_LINK","podcasts.html","Target linked 3 times on this page."
"luanda-podcast-proposal.html","BROKEN_LINK","regions/africa.html","Target HTML file does not exist in workspace."
"luanda-podcast-proposal.html","DUPLICATE_INTERNAL_LINK","about.html","Target linked 2 times on this page."
"luanda-podcast-proposal.html","DUPLICATE_INTERNAL_LINK","index.html","Target linked 2 times on this page."
"luanda-podcast-proposal.html","DUPLICATE_INTERNAL_LINK","podcasts.html","Target linked 2 times on this page."
"luxembourg-comparison.html","DUPLICATE_INTERNAL_LINK","index.html","Target linked 4 times on this page."
"luxembourg-comparison.html","DUPLICATE_INTERNAL_LINK","index2.html","Target linked 2 times on this page."
"luxembourg-comparison.html","DUPLICATE_INTERNAL_LINK","comparison.html","Target linked 3 times on this page."
"luxembourg-comparison.html","DUPLICATE_INTERNAL_LINK","podcasts.html","Target linked 2 times on this page."
"luxembourg-coworking-guide.html","DUPLICATE_INTERNAL_LINK","about.html","Target linked 2 times on this page."
"luxembourg-coworking-guide.html","DUPLICATE_INTERNAL_LINK","index2.html","Target linked 6 times on this page."
"luxembourg-coworking-guide.html","DUPLICATE_INTERNAL_LINK","comparison.html","Target linked 4 times on this page."
"luxembourg-coworking-guide.html","DUPLICATE_INTERNAL_LINK","index.html","Target linked 5 times on this page."
"luxembourg-podcast-proposal.html","DUPLICATE_INTERNAL_LINK","index.html","Target linked 5 times on this page."
"luxembourg-podcast-proposal.html","DUPLICATE_INTERNAL_LINK","index2.html","Target linked 2 times on this page."
"luxembourg-podcast-proposal.html","DUPLICATE_INTERNAL_LINK","comparison.html","Target linked 2 times on this page."
"luxembourg-podcast-proposal.html","DUPLICATE_INTERNAL_LINK","about.html","Target linked 2 times on this page."
"luxembourg-podcast-proposal.html","DUPLICATE_INTERNAL_LINK","podcasts.html","Target linked 3 times on this page."
"lviv-comparison.html","DUPLICATE_INTERNAL_LINK","index.html","Target linked 4 times on this page."
"lviv-comparison.html","DUPLICATE_INTERNAL_LINK","index2.html","Target linked 2 times on this page."
"lviv-comparison.html","DUPLICATE_INTERNAL_LINK","comparison.html","Target linked 3 times on this page."
"lviv-comparison.html","DUPLICATE_INTERNAL_LINK","podcasts.html","Target linked 2 times on this page."
"lviv-coworking-guide.html","DUPLICATE_INTERNAL_LINK","about.html","Target linked 2 times on this page."
"lviv-coworking-guide.html","DUPLICATE_INTERNAL_LINK","index2.html","Target linked 6 times on this page."
"lviv-coworking-guide.html","DUPLICATE_INTERNAL_LINK","comparison.html","Target linked 4 times on this page."
"lviv-coworking-guide.html","DUPLICATE_INTERNAL_LINK","index.html","Target linked 5 times on this page."
"lviv-podcast-proposal.html","DUPLICATE_INTERNAL_LINK","index.html","Target linked 5 times on this page."
"lviv-podcast-proposal.html","DUPLICATE_INTERNAL_LINK","index2.html","Target linked 2 times on this page."
"lviv-podcast-proposal.html","DUPLICATE_INTERNAL_LINK","comparison.html","Target linked 2 times on this page."
"lviv-podcast-proposal.html","DUPLICATE_INTERNAL_LINK","about.html","Target linked 2 times on this page."
"lviv-podcast-proposal.html","DUPLICATE_INTERNAL_LINK","podcasts.html","Target linked 3 times on this page."
"lyon-podcast-proposal.html","BROKEN_LINK","regions/western-europe.html","Target HTML file does not exist in workspace."
"lyon-podcast-proposal.html","DUPLICATE_INTERNAL_LINK","about.html","Target linked 2 times on this page."
"lyon-podcast-proposal.html","DUPLICATE_INTERNAL_LINK","podcasts.html","Target linked 2 times on this page."
"lyon-podcast-proposal.html","DUPLICATE_INTERNAL_LINK","index.html","Target linked 2 times on this page."
"macau-podcast-proposal.html","BROKEN_LINK","regions/east-asia.html","Target HTML file does not exist in workspace."
"macau-podcast-proposal.html","DUPLICATE_INTERNAL_LINK","about.html","Target linked 2 times on this page."
"macau-podcast-proposal.html","DUPLICATE_INTERNAL_LINK","podcasts.html","Target linked 2 times on this page."
"macau-podcast-proposal.html","DUPLICATE_INTERNAL_LINK","index.html","Target linked 2 times on this page."
"madrid-comparison.html","DUPLICATE_INTERNAL_LINK","index.html","Target linked 4 times on this page."
"madrid-comparison.html","DUPLICATE_INTERNAL_LINK","index2.html","Target linked 2 times on this page."
"madrid-comparison.html","DUPLICATE_INTERNAL_LINK","comparison.html","Target linked 3 times on this page."
"madrid-comparison.html","DUPLICATE_INTERNAL_LINK","podcasts.html","Target linked 2 times on this page."
"madrid-coworking-guide.html","DUPLICATE_INTERNAL_LINK","about.html","Target linked 2 times on this page."
"madrid-coworking-guide.html","DUPLICATE_INTERNAL_LINK","index2.html","Target linked 6 times on this page."
"madrid-coworking-guide.html","DUPLICATE_INTERNAL_LINK","comparison.html","Target linked 4 times on this page."
"madrid-coworking-guide.html","DUPLICATE_INTERNAL_LINK","index.html","Target linked 5 times on this page."
"madrid-podcast-proposal.html","BROKEN_LINK","regions/western-europe.html","Target HTML file does not exist in workspace."
"madrid-podcast-proposal.html","DUPLICATE_INTERNAL_LINK","about.html","Target linked 2 times on this page."
"madrid-podcast-proposal.html","DUPLICATE_INTERNAL_LINK","podcasts.html","Target linked 2 times on this page."
"madrid-podcast-proposal.html","DUPLICATE_INTERNAL_LINK","index.html","Target linked 2 times on this page."
"male-comparison.html","DUPLICATE_INTERNAL_LINK","index.html","Target linked 4 times on this page."
"male-comparison.html","DUPLICATE_INTERNAL_LINK","index2.html","Target linked 2 times on this page."
"male-comparison.html","DUPLICATE_INTERNAL_LINK","comparison.html","Target linked 3 times on this page."
"male-comparison.html","DUPLICATE_INTERNAL_LINK","podcasts.html","Target linked 2 times on this page."
"male-coworking-guide.html","DUPLICATE_INTERNAL_LINK","index2.html","Target linked 6 times on this page."
"male-coworking-guide.html","DUPLICATE_INTERNAL_LINK","bangkok-coworking-guide.html","Target linked 2 times on this page."
"male-coworking-guide.html","DUPLICATE_INTERNAL_LINK","index.html","Target linked 5 times on this page."
"male-coworking-guide.html","DUPLICATE_INTERNAL_LINK","comparison.html","Target linked 4 times on this page."
"male-coworking-guide.html","DUPLICATE_INTERNAL_LINK","about.html","Target linked 2 times on this page."
"male-podcast-proposal.html","BROKEN_LINK","regions/south-asia.html","Target HTML file does not exist in workspace."
"male-podcast-proposal.html","DUPLICATE_INTERNAL_LINK","about.html","Target linked 2 times on this page."
"male-podcast-proposal.html","DUPLICATE_INTERNAL_LINK","index.html","Target linked 2 times on this page."
"male-podcast-proposal.html","DUPLICATE_INTERNAL_LINK","podcasts.html","Target linked 2 times on this page."
"manama-comparison.html","DUPLICATE_INTERNAL_LINK","index.html","Target linked 4 times on this page."
"manama-comparison.html","DUPLICATE_INTERNAL_LINK","index2.html","Target linked 2 times on this page."
"manama-comparison.html","DUPLICATE_INTERNAL_LINK","comparison.html","Target linked 3 times on this page."
"manama-comparison.html","DUPLICATE_INTERNAL_LINK","podcasts.html","Target linked 2 times on this page."
"manama-coworking-guide.html","DUPLICATE_INTERNAL_LINK","about.html","Target linked 2 times on this page."
"manama-coworking-guide.html","DUPLICATE_INTERNAL_LINK","index2.html","Target linked 6 times on this page."
"manama-coworking-guide.html","DUPLICATE_INTERNAL_LINK","comparison.html","Target linked 4 times on this page."
"manama-coworking-guide.html","DUPLICATE_INTERNAL_LINK","index.html","Target linked 5 times on this page."
"manama-podcast-proposal.html","BROKEN_LINK","regions/middle-east.html","Target HTML file does not exist in workspace."
"manama-podcast-proposal.html","DUPLICATE_INTERNAL_LINK","about.html","Target linked 2 times on this page."
"manama-podcast-proposal.html","DUPLICATE_INTERNAL_LINK","podcasts.html","Target linked 2 times on this page."
"manama-podcast-proposal.html","DUPLICATE_INTERNAL_LINK","index.html","Target linked 2 times on this page."
"manchester-comparison.html","DUPLICATE_INTERNAL_LINK","index.html","Target linked 4 times on this page."
"manchester-comparison.html","DUPLICATE_INTERNAL_LINK","index2.html","Target linked 2 times on this page."
"manchester-comparison.html","DUPLICATE_INTERNAL_LINK","comparison.html","Target linked 3 times on this page."
"manchester-comparison.html","DUPLICATE_INTERNAL_LINK","podcasts.html","Target linked 2 times on this page."
"manchester-coworking-guide.html","DUPLICATE_INTERNAL_LINK","about.html","Target linked 2 times on this page."
"manchester-coworking-guide.html","DUPLICATE_INTERNAL_LINK","index2.html","Target linked 6 times on this page."
"manchester-coworking-guide.html","DUPLICATE_INTERNAL_LINK","comparison.html","Target linked 4 times on this page."
"manchester-coworking-guide.html","DUPLICATE_INTERNAL_LINK","index.html","Target linked 5 times on this page."
"manchester-podcast-proposal.html","BROKEN_LINK","regions/uk-eastern-europe.html","Target HTML file does not exist in workspace."
"manchester-podcast-proposal.html","DUPLICATE_INTERNAL_LINK","about.html","Target linked 2 times on this page."
"manchester-podcast-proposal.html","DUPLICATE_INTERNAL_LINK","podcasts.html","Target linked 2 times on this page."
"manchester-podcast-proposal.html","DUPLICATE_INTERNAL_LINK","index.html","Target linked 2 times on this page."
"manila-comparison.html","DUPLICATE_INTERNAL_LINK","index.html","Target linked 4 times on this page."
"manila-comparison.html","DUPLICATE_INTERNAL_LINK","index2.html","Target linked 2 times on this page."
"manila-comparison.html","DUPLICATE_INTERNAL_LINK","comparison.html","Target linked 3 times on this page."
"manila-comparison.html","DUPLICATE_INTERNAL_LINK","podcasts.html","Target linked 2 times on this page."
"manila-coworking-guide.html","DUPLICATE_INTERNAL_LINK","about.html","Target linked 2 times on this page."
"manila-coworking-guide.html","DUPLICATE_INTERNAL_LINK","index2.html","Target linked 6 times on this page."
"manila-coworking-guide.html","DUPLICATE_INTERNAL_LINK","comparison.html","Target linked 4 times on this page."
"manila-coworking-guide.html","DUPLICATE_INTERNAL_LINK","index.html","Target linked 5 times on this page."
"manila-podcast-proposal.html","BROKEN_LINK","regions/southeast-asia.html","Target HTML file does not exist in workspace."
"manila-podcast-proposal.html","DUPLICATE_INTERNAL_LINK","about.html","Target linked 2 times on this page."
"manila-podcast-proposal.html","DUPLICATE_INTERNAL_LINK","podcasts.html","Target linked 2 times on this page."
"manila-podcast-proposal.html","DUPLICATE_INTERNAL_LINK","index.html","Target linked 2 times on this page."
"maputo-podcast-proposal.html","BROKEN_LINK","regions/africa.html","Target HTML file does not exist in workspace."
"maputo-podcast-proposal.html","DUPLICATE_INTERNAL_LINK","about.html","Target linked 2 times on this page."
"maputo-podcast-proposal.html","DUPLICATE_INTERNAL_LINK","index.html","Target linked 2 times on this page."
"maputo-podcast-proposal.html","DUPLICATE_INTERNAL_LINK","podcasts.html","Target linked 2 times on this page."
"marrakech-podcast-proposal.html","BROKEN_LINK","regions/africa.html","Target HTML file does not exist in workspace."
"marrakech-podcast-proposal.html","DUPLICATE_INTERNAL_LINK","about.html","Target linked 2 times on this page."
"marrakech-podcast-proposal.html","DUPLICATE_INTERNAL_LINK","index.html","Target linked 2 times on this page."
"marrakech-podcast-proposal.html","DUPLICATE_INTERNAL_LINK","podcasts.html","Target linked 2 times on this page."
"mauritius-podcast-proposal.html","BROKEN_LINK","regions/africa.html","Target HTML file does not exist in workspace."
"mauritius-podcast-proposal.html","DUPLICATE_INTERNAL_LINK","about.html","Target linked 2 times on this page."
"mauritius-podcast-proposal.html","DUPLICATE_INTERNAL_LINK","index.html","Target linked 2 times on this page."
"mauritius-podcast-proposal.html","DUPLICATE_INTERNAL_LINK","podcasts.html","Target linked 2 times on this page."
"medellin-comparison.html","DUPLICATE_INTERNAL_LINK","index.html","Target linked 4 times on this page."
"medellin-comparison.html","DUPLICATE_INTERNAL_LINK","index2.html","Target linked 2 times on this page."
"medellin-comparison.html","DUPLICATE_INTERNAL_LINK","comparison.html","Target linked 3 times on this page."
"medellin-comparison.html","DUPLICATE_INTERNAL_LINK","podcasts.html","Target linked 2 times on this page."
"medellin-coworking-guide.html","DUPLICATE_INTERNAL_LINK","index.html","Target linked 5 times on this page."
"medellin-coworking-guide.html","DUPLICATE_INTERNAL_LINK","index2.html","Target linked 6 times on this page."
"medellin-coworking-guide.html","DUPLICATE_INTERNAL_LINK","comparison.html","Target linked 4 times on this page."
"medellin-coworking-guide.html","DUPLICATE_INTERNAL_LINK","about.html","Target linked 2 times on this page."
"medellin-coworking-guide.html","DUPLICATE_INTERNAL_LINK","mexico-city-coworking-guide.html","Target linked 2 times on this page."
"medellin-podcast-proposal.html","BROKEN_LINK","regions/south-america.html","Target HTML file does not exist in workspace."
"medellin-podcast-proposal.html","DUPLICATE_INTERNAL_LINK","about.html","Target linked 2 times on this page."
"medellin-podcast-proposal.html","DUPLICATE_INTERNAL_LINK","podcasts.html","Target linked 2 times on this page."
"medellin-podcast-proposal.html","DUPLICATE_INTERNAL_LINK","index.html","Target linked 2 times on this page."
"medellin-vs-bali-digital-nomad.html","DUPLICATE_INTERNAL_LINK","index.html","Target linked 3 times on this page."
"medellin-vs-bali-digital-nomad.html","DUPLICATE_INTERNAL_LINK","index2.html","Target linked 2 times on this page."
"medellin-vs-bali-digital-nomad.html","DUPLICATE_INTERNAL_LINK","comparison.html","Target linked 2 times on this page."
"medellin-vs-bali-digital-nomad.html","DUPLICATE_INTERNAL_LINK","about.html","Target linked 2 times on this page."
"medellin-vs-barcelona-digital-nomad.html","DUPLICATE_INTERNAL_LINK","index.html","Target linked 3 times on this page."
"medellin-vs-barcelona-digital-nomad.html","DUPLICATE_INTERNAL_LINK","index2.html","Target linked 2 times on this page."
"medellin-vs-barcelona-digital-nomad.html","DUPLICATE_INTERNAL_LINK","comparison.html","Target linked 2 times on this page."
"medellin-vs-barcelona-digital-nomad.html","DUPLICATE_INTERNAL_LINK","about.html","Target linked 2 times on this page."
"medellin-vs-berlin-digital-nomad.html","DUPLICATE_INTERNAL_LINK","index.html","Target linked 3 times on this page."
"medellin-vs-berlin-digital-nomad.html","DUPLICATE_INTERNAL_LINK","index2.html","Target linked 2 times on this page."
"medellin-vs-berlin-digital-nomad.html","DUPLICATE_INTERNAL_LINK","comparison.html","Target linked 2 times on this page."
"medellin-vs-berlin-digital-nomad.html","DUPLICATE_INTERNAL_LINK","about.html","Target linked 2 times on this page."
"medellin-vs-chiang-mai-digital-nomad.html","DUPLICATE_INTERNAL_LINK","index.html","Target linked 3 times on this page."
"medellin-vs-chiang-mai-digital-nomad.html","DUPLICATE_INTERNAL_LINK","index2.html","Target linked 2 times on this page."
"medellin-vs-chiang-mai-digital-nomad.html","DUPLICATE_INTERNAL_LINK","comparison.html","Target linked 2 times on this page."
"medellin-vs-chiang-mai-digital-nomad.html","DUPLICATE_INTERNAL_LINK","about.html","Target linked 2 times on this page."
"medellin-vs-mexico-city-digital-nomad.html","DUPLICATE_INTERNAL_LINK","index.html","Target linked 3 times on this page."
"medellin-vs-mexico-city-digital-nomad.html","DUPLICATE_INTERNAL_LINK","index2.html","Target linked 2 times on this page."
"medellin-vs-mexico-city-digital-nomad.html","DUPLICATE_INTERNAL_LINK","comparison.html","Target linked 2 times on this page."
"medellin-vs-mexico-city-digital-nomad.html","DUPLICATE_INTERNAL_LINK","about.html","Target linked 2 times on this page."
"medellin-vs-tbilisi-digital-nomad.html","DUPLICATE_INTERNAL_LINK","index.html","Target linked 3 times on this page."
"medellin-vs-tbilisi-digital-nomad.html","DUPLICATE_INTERNAL_LINK","index2.html","Target linked 2 times on this page."
"medellin-vs-tbilisi-digital-nomad.html","DUPLICATE_INTERNAL_LINK","comparison.html","Target linked 2 times on this page."
"medellin-vs-tbilisi-digital-nomad.html","DUPLICATE_INTERNAL_LINK","about.html","Target linked 2 times on this page."
"medellin-vs-tokyo-digital-nomad.html","DUPLICATE_INTERNAL_LINK","index.html","Target linked 3 times on this page."
"medellin-vs-tokyo-digital-nomad.html","DUPLICATE_INTERNAL_LINK","index2.html","Target linked 2 times on this page."
"medellin-vs-tokyo-digital-nomad.html","DUPLICATE_INTERNAL_LINK","comparison.html","Target linked 2 times on this page."
"medellin-vs-tokyo-digital-nomad.html","DUPLICATE_INTERNAL_LINK","about.html","Target linked 2 times on this page."
"melbourne-comparison.html","DUPLICATE_INTERNAL_LINK","index.html","Target linked 4 times on this page."
"melbourne-comparison.html","DUPLICATE_INTERNAL_LINK","index2.html","Target linked 2 times on this page."
"melbourne-comparison.html","DUPLICATE_INTERNAL_LINK","comparison.html","Target linked 3 times on this page."
"melbourne-comparison.html","DUPLICATE_INTERNAL_LINK","podcasts.html","Target linked 2 times on this page."
"melbourne-coworking-guide.html","DUPLICATE_INTERNAL_LINK","about.html","Target linked 2 times on this page."
"melbourne-coworking-guide.html","DUPLICATE_INTERNAL_LINK","index2.html","Target linked 6 times on this page."
"melbourne-coworking-guide.html","DUPLICATE_INTERNAL_LINK","comparison.html","Target linked 4 times on this page."
"melbourne-coworking-guide.html","DUPLICATE_INTERNAL_LINK","index.html","Target linked 5 times on this page."
"melbourne-podcast-proposal.html","DUPLICATE_INTERNAL_LINK","index.html","Target linked 5 times on this page."
"melbourne-podcast-proposal.html","DUPLICATE_INTERNAL_LINK","index2.html","Target linked 2 times on this page."
"melbourne-podcast-proposal.html","DUPLICATE_INTERNAL_LINK","comparison.html","Target linked 2 times on this page."
"melbourne-podcast-proposal.html","DUPLICATE_INTERNAL_LINK","podcasts.html","Target linked 3 times on this page."
"melbourne-podcast-proposal.html","DUPLICATE_INTERNAL_LINK","about.html","Target linked 2 times on this page."
"memphis-comparison.html","DUPLICATE_INTERNAL_LINK","index.html","Target linked 4 times on this page."
"memphis-comparison.html","DUPLICATE_INTERNAL_LINK","index2.html","Target linked 2 times on this page."
"memphis-comparison.html","DUPLICATE_INTERNAL_LINK","comparison.html","Target linked 3 times on this page."
"memphis-comparison.html","DUPLICATE_INTERNAL_LINK","podcasts.html","Target linked 2 times on this page."
"memphis-coworking-guide.html","DUPLICATE_INTERNAL_LINK","about.html","Target linked 2 times on this page."
"memphis-coworking-guide.html","DUPLICATE_INTERNAL_LINK","index2.html","Target linked 6 times on this page."
"memphis-coworking-guide.html","DUPLICATE_INTERNAL_LINK","comparison.html","Target linked 4 times on this page."
"memphis-coworking-guide.html","DUPLICATE_INTERNAL_LINK","index.html","Target linked 5 times on this page."
"memphis-podcast-proposal.html","DUPLICATE_INTERNAL_LINK","index.html","Target linked 5 times on this page."
"memphis-podcast-proposal.html","DUPLICATE_INTERNAL_LINK","index2.html","Target linked 2 times on this page."
"memphis-podcast-proposal.html","DUPLICATE_INTERNAL_LINK","comparison.html","Target linked 2 times on this page."
"memphis-podcast-proposal.html","DUPLICATE_INTERNAL_LINK","about.html","Target linked 2 times on this page."
"memphis-podcast-proposal.html","DUPLICATE_INTERNAL_LINK","podcasts.html","Target linked 3 times on this page."
"mendoza-podcast-proposal.html","BROKEN_LINK","regions/south-america.html","Target HTML file does not exist in workspace."
"mendoza-podcast-proposal.html","DUPLICATE_INTERNAL_LINK","about.html","Target linked 2 times on this page."
"mendoza-podcast-proposal.html","DUPLICATE_INTERNAL_LINK","podcasts.html","Target linked 2 times on this page."
"mendoza-podcast-proposal.html","DUPLICATE_INTERNAL_LINK","index.html","Target linked 2 times on this page."
"mexico-city-comparison.html","DUPLICATE_INTERNAL_LINK","index.html","Target linked 4 times on this page."
"mexico-city-comparison.html","DUPLICATE_INTERNAL_LINK","index2.html","Target linked 2 times on this page."
"mexico-city-comparison.html","DUPLICATE_INTERNAL_LINK","comparison.html","Target linked 3 times on this page."
"mexico-city-comparison.html","DUPLICATE_INTERNAL_LINK","podcasts.html","Target linked 2 times on this page."
"mexico-city-coworking-guide.html","DUPLICATE_INTERNAL_LINK","index.html","Target linked 5 times on this page."
"mexico-city-coworking-guide.html","DUPLICATE_INTERNAL_LINK","index2.html","Target linked 6 times on this page."
"mexico-city-coworking-guide.html","DUPLICATE_INTERNAL_LINK","comparison.html","Target linked 4 times on this page."
"mexico-city-podcast-proposal.html","BROKEN_LINK","regions/north-america.html","Target HTML file does not exist in workspace."
"mexico-city-podcast-proposal.html","DUPLICATE_INTERNAL_LINK","about.html","Target linked 2 times on this page."
"mexico-city-podcast-proposal.html","DUPLICATE_INTERNAL_LINK","podcasts.html","Target linked 2 times on this page."
"mexico-city-podcast-proposal.html","DUPLICATE_INTERNAL_LINK","index.html","Target linked 2 times on this page."
"mexico-city-vs-barcelona-digital-nomad.html","DUPLICATE_INTERNAL_LINK","index.html","Target linked 3 times on this page."
"mexico-city-vs-barcelona-digital-nomad.html","DUPLICATE_INTERNAL_LINK","index2.html","Target linked 2 times on this page."
"mexico-city-vs-barcelona-digital-nomad.html","DUPLICATE_INTERNAL_LINK","comparison.html","Target linked 2 times on this page."
"mexico-city-vs-barcelona-digital-nomad.html","DUPLICATE_INTERNAL_LINK","about.html","Target linked 2 times on this page."
"mexico-city-vs-berlin-digital-nomad.html","DUPLICATE_INTERNAL_LINK","index.html","Target linked 3 times on this page."
"mexico-city-vs-berlin-digital-nomad.html","DUPLICATE_INTERNAL_LINK","index2.html","Target linked 2 times on this page."
"mexico-city-vs-berlin-digital-nomad.html","DUPLICATE_INTERNAL_LINK","comparison.html","Target linked 2 times on this page."
"mexico-city-vs-berlin-digital-nomad.html","DUPLICATE_INTERNAL_LINK","about.html","Target linked 2 times on this page."
"mexico-city-vs-tbilisi-digital-nomad.html","DUPLICATE_INTERNAL_LINK","index.html","Target linked 3 times on this page."
"mexico-city-vs-tbilisi-digital-nomad.html","DUPLICATE_INTERNAL_LINK","index2.html","Target linked 2 times on this page."
"mexico-city-vs-tbilisi-digital-nomad.html","DUPLICATE_INTERNAL_LINK","comparison.html","Target linked 2 times on this page."
"mexico-city-vs-tbilisi-digital-nomad.html","DUPLICATE_INTERNAL_LINK","about.html","Target linked 2 times on this page."
"mexico-city-vs-tokyo-digital-nomad.html","DUPLICATE_INTERNAL_LINK","index.html","Target linked 3 times on this page."
"mexico-city-vs-tokyo-digital-nomad.html","DUPLICATE_INTERNAL_LINK","index2.html","Target linked 2 times on this page."
"mexico-city-vs-tokyo-digital-nomad.html","DUPLICATE_INTERNAL_LINK","comparison.html","Target linked 2 times on this page."
"mexico-city-vs-tokyo-digital-nomad.html","DUPLICATE_INTERNAL_LINK","about.html","Target linked 2 times on this page."
"miami-comparison.html","DUPLICATE_INTERNAL_LINK","index.html","Target linked 4 times on this page."
"miami-comparison.html","DUPLICATE_INTERNAL_LINK","index2.html","Target linked 2 times on this page."
"miami-comparison.html","DUPLICATE_INTERNAL_LINK","comparison.html","Target linked 3 times on this page."
"miami-comparison.html","DUPLICATE_INTERNAL_LINK","podcasts.html","Target linked 2 times on this page."
"miami-coworking-guide.html","DUPLICATE_INTERNAL_LINK","about.html","Target linked 2 times on this page."
"miami-coworking-guide.html","DUPLICATE_INTERNAL_LINK","index2.html","Target linked 6 times on this page."
"miami-coworking-guide.html","DUPLICATE_INTERNAL_LINK","comparison.html","Target linked 4 times on this page."
"miami-coworking-guide.html","DUPLICATE_INTERNAL_LINK","index.html","Target linked 5 times on this page."
"miami-podcast-proposal.html","BROKEN_LINK","regions/north-america.html","Target HTML file does not exist in workspace."
"miami-podcast-proposal.html","DUPLICATE_INTERNAL_LINK","about.html","Target linked 2 times on this page."
"miami-podcast-proposal.html","DUPLICATE_INTERNAL_LINK","podcasts.html","Target linked 2 times on this page."
"miami-podcast-proposal.html","DUPLICATE_INTERNAL_LINK","index.html","Target linked 2 times on this page."
"milan-comparison.html","DUPLICATE_INTERNAL_LINK","index.html","Target linked 4 times on this page."
"milan-comparison.html","DUPLICATE_INTERNAL_LINK","index2.html","Target linked 2 times on this page."
"milan-comparison.html","DUPLICATE_INTERNAL_LINK","comparison.html","Target linked 3 times on this page."
"milan-comparison.html","DUPLICATE_INTERNAL_LINK","podcasts.html","Target linked 2 times on this page."
"milan-coworking-guide.html","DUPLICATE_INTERNAL_LINK","about.html","Target linked 2 times on this page."
"milan-coworking-guide.html","DUPLICATE_INTERNAL_LINK","index2.html","Target linked 6 times on this page."
"milan-coworking-guide.html","DUPLICATE_INTERNAL_LINK","comparison.html","Target linked 4 times on this page."
"milan-coworking-guide.html","DUPLICATE_INTERNAL_LINK","index.html","Target linked 5 times on this page."
"milan-podcast-proposal.html","BROKEN_LINK","regions/western-europe.html","Target HTML file does not exist in workspace."
"milan-podcast-proposal.html","DUPLICATE_INTERNAL_LINK","about.html","Target linked 2 times on this page."
"milan-podcast-proposal.html","DUPLICATE_INTERNAL_LINK","podcasts.html","Target linked 2 times on this page."
"milan-podcast-proposal.html","DUPLICATE_INTERNAL_LINK","index.html","Target linked 2 times on this page."
"minneapolis-comparison.html","DUPLICATE_INTERNAL_LINK","index.html","Target linked 4 times on this page."
"minneapolis-comparison.html","DUPLICATE_INTERNAL_LINK","index2.html","Target linked 2 times on this page."
"minneapolis-comparison.html","DUPLICATE_INTERNAL_LINK","comparison.html","Target linked 3 times on this page."
"minneapolis-comparison.html","DUPLICATE_INTERNAL_LINK","podcasts.html","Target linked 2 times on this page."
"minneapolis-coworking-guide.html","DUPLICATE_INTERNAL_LINK","about.html","Target linked 2 times on this page."
"minneapolis-coworking-guide.html","DUPLICATE_INTERNAL_LINK","index2.html","Target linked 6 times on this page."
"minneapolis-coworking-guide.html","DUPLICATE_INTERNAL_LINK","comparison.html","Target linked 4 times on this page."
"minneapolis-coworking-guide.html","DUPLICATE_INTERNAL_LINK","index.html","Target linked 5 times on this page."
"minneapolis-podcast-proposal.html","DUPLICATE_INTERNAL_LINK","index.html","Target linked 5 times on this page."
"minneapolis-podcast-proposal.html","DUPLICATE_INTERNAL_LINK","index2.html","Target linked 2 times on this page."
"minneapolis-podcast-proposal.html","DUPLICATE_INTERNAL_LINK","comparison.html","Target linked 2 times on this page."
"minneapolis-podcast-proposal.html","DUPLICATE_INTERNAL_LINK","about.html","Target linked 2 times on this page."
"minneapolis-podcast-proposal.html","DUPLICATE_INTERNAL_LINK","podcasts.html","Target linked 3 times on this page."
"minsk-comparison.html","DUPLICATE_INTERNAL_LINK","index.html","Target linked 4 times on this page."
"minsk-comparison.html","DUPLICATE_INTERNAL_LINK","index2.html","Target linked 2 times on this page."
"minsk-comparison.html","DUPLICATE_INTERNAL_LINK","comparison.html","Target linked 3 times on this page."
"minsk-comparison.html","DUPLICATE_INTERNAL_LINK","podcasts.html","Target linked 2 times on this page."
"minsk-coworking-guide.html","DUPLICATE_INTERNAL_LINK","about.html","Target linked 2 times on this page."
"minsk-coworking-guide.html","DUPLICATE_INTERNAL_LINK","index2.html","Target linked 6 times on this page."
"minsk-coworking-guide.html","DUPLICATE_INTERNAL_LINK","comparison.html","Target linked 4 times on this page."
"minsk-coworking-guide.html","DUPLICATE_INTERNAL_LINK","index.html","Target linked 5 times on this page."
"minsk-podcast-proposal.html","DUPLICATE_INTERNAL_LINK","index.html","Target linked 5 times on this page."
"minsk-podcast-proposal.html","DUPLICATE_INTERNAL_LINK","index2.html","Target linked 2 times on this page."
"minsk-podcast-proposal.html","DUPLICATE_INTERNAL_LINK","comparison.html","Target linked 2 times on this page."
"minsk-podcast-proposal.html","DUPLICATE_INTERNAL_LINK","about.html","Target linked 2 times on this page."
"minsk-podcast-proposal.html","DUPLICATE_INTERNAL_LINK","podcasts.html","Target linked 3 times on this page."
"mississauga-comparison.html","DUPLICATE_INTERNAL_LINK","index.html","Target linked 4 times on this page."
"mississauga-comparison.html","DUPLICATE_INTERNAL_LINK","index2.html","Target linked 2 times on this page."
"mississauga-comparison.html","DUPLICATE_INTERNAL_LINK","podcasts.html","Target linked 2 times on this page."
"mississauga-comparison.html","DUPLICATE_INTERNAL_LINK","comparison.html","Target linked 3 times on this page."
"mississauga-coworking-guide.html","DUPLICATE_INTERNAL_LINK","about.html","Target linked 2 times on this page."
"mississauga-coworking-guide.html","DUPLICATE_INTERNAL_LINK","index2.html","Target linked 6 times on this page."
"mississauga-coworking-guide.html","DUPLICATE_INTERNAL_LINK","comparison.html","Target linked 4 times on this page."
"mississauga-coworking-guide.html","DUPLICATE_INTERNAL_LINK","index.html","Target linked 5 times on this page."
"mississauga-podcast-proposal.html","DUPLICATE_INTERNAL_LINK","index.html","Target linked 5 times on this page."
"mississauga-podcast-proposal.html","DUPLICATE_INTERNAL_LINK","index2.html","Target linked 2 times on this page."
"mississauga-podcast-proposal.html","DUPLICATE_INTERNAL_LINK","podcasts.html","Target linked 3 times on this page."
"mississauga-podcast-proposal.html","DUPLICATE_INTERNAL_LINK","comparison.html","Target linked 2 times on this page."
"mississauga-podcast-proposal.html","DUPLICATE_INTERNAL_LINK","about.html","Target linked 2 times on this page."
"mombasa-podcast-proposal.html","BROKEN_LINK","regions/africa.html","Target HTML file does not exist in workspace."
"mombasa-podcast-proposal.html","DUPLICATE_INTERNAL_LINK","about.html","Target linked 2 times on this page."
"mombasa-podcast-proposal.html","DUPLICATE_INTERNAL_LINK","index.html","Target linked 2 times on this page."
"mombasa-podcast-proposal.html","DUPLICATE_INTERNAL_LINK","podcasts.html","Target linked 2 times on this page."
"monterrey-comparison.html","DUPLICATE_INTERNAL_LINK","index.html","Target linked 4 times on this page."
"monterrey-comparison.html","DUPLICATE_INTERNAL_LINK","index2.html","Target linked 2 times on this page."
"monterrey-comparison.html","DUPLICATE_INTERNAL_LINK","comparison.html","Target linked 3 times on this page."
"monterrey-comparison.html","DUPLICATE_INTERNAL_LINK","podcasts.html","Target linked 2 times on this page."
"monterrey-coworking-guide.html","DUPLICATE_INTERNAL_LINK","about.html","Target linked 2 times on this page."
"monterrey-coworking-guide.html","DUPLICATE_INTERNAL_LINK","index2.html","Target linked 6 times on this page."
"monterrey-coworking-guide.html","DUPLICATE_INTERNAL_LINK","index.html","Target linked 5 times on this page."
"monterrey-coworking-guide.html","DUPLICATE_INTERNAL_LINK","comparison.html","Target linked 4 times on this page."
"monterrey-podcast-proposal.html","DUPLICATE_INTERNAL_LINK","index.html","Target linked 5 times on this page."
"monterrey-podcast-proposal.html","DUPLICATE_INTERNAL_LINK","index2.html","Target linked 2 times on this page."
"monterrey-podcast-proposal.html","DUPLICATE_INTERNAL_LINK","comparison.html","Target linked 2 times on this page."
"monterrey-podcast-proposal.html","DUPLICATE_INTERNAL_LINK","about.html","Target linked 2 times on this page."
"monterrey-podcast-proposal.html","DUPLICATE_INTERNAL_LINK","podcasts.html","Target linked 3 times on this page."
"montevideo-comparison.html","DUPLICATE_INTERNAL_LINK","index.html","Target linked 4 times on this page."
"montevideo-comparison.html","DUPLICATE_INTERNAL_LINK","index2.html","Target linked 2 times on this page."
"montevideo-comparison.html","DUPLICATE_INTERNAL_LINK","comparison.html","Target linked 3 times on this page."
"montevideo-comparison.html","DUPLICATE_INTERNAL_LINK","podcasts.html","Target linked 2 times on this page."
"montevideo-coworking-guide.html","DUPLICATE_INTERNAL_LINK","about.html","Target linked 2 times on this page."
"montevideo-coworking-guide.html","DUPLICATE_INTERNAL_LINK","index2.html","Target linked 6 times on this page."
"montevideo-coworking-guide.html","DUPLICATE_INTERNAL_LINK","comparison.html","Target linked 4 times on this page."
"montevideo-coworking-guide.html","DUPLICATE_INTERNAL_LINK","index.html","Target linked 5 times on this page."
"montevideo-podcast-proposal.html","BROKEN_LINK","regions/south-america.html","Target HTML file does not exist in workspace."
"montevideo-podcast-proposal.html","DUPLICATE_INTERNAL_LINK","about.html","Target linked 2 times on this page."
"montevideo-podcast-proposal.html","DUPLICATE_INTERNAL_LINK","podcasts.html","Target linked 2 times on this page."
"montevideo-podcast-proposal.html","DUPLICATE_INTERNAL_LINK","index.html","Target linked 2 times on this page."
"montreal-comparison.html","DUPLICATE_INTERNAL_LINK","index.html","Target linked 4 times on this page."
"montreal-comparison.html","DUPLICATE_INTERNAL_LINK","index2.html","Target linked 2 times on this page."
"montreal-comparison.html","DUPLICATE_INTERNAL_LINK","comparison.html","Target linked 3 times on this page."
"montreal-comparison.html","DUPLICATE_INTERNAL_LINK","podcasts.html","Target linked 2 times on this page."
"montreal-coworking-guide.html","DUPLICATE_INTERNAL_LINK","about.html","Target linked 2 times on this page."
"montreal-coworking-guide.html","DUPLICATE_INTERNAL_LINK","index2.html","Target linked 6 times on this page."
"montreal-coworking-guide.html","DUPLICATE_INTERNAL_LINK","comparison.html","Target linked 4 times on this page."
"montreal-coworking-guide.html","DUPLICATE_INTERNAL_LINK","index.html","Target linked 5 times on this page."
"montreal-podcast-proposal.html","BROKEN_LINK","regions/north-america.html","Target HTML file does not exist in workspace."
"montreal-podcast-proposal.html","DUPLICATE_INTERNAL_LINK","about.html","Target linked 2 times on this page."
"montreal-podcast-proposal.html","DUPLICATE_INTERNAL_LINK","podcasts.html","Target linked 2 times on this page."
"montreal-podcast-proposal.html","DUPLICATE_INTERNAL_LINK","index.html","Target linked 2 times on this page."
"moscow-comparison.html","DUPLICATE_INTERNAL_LINK","index.html","Target linked 4 times on this page."
"moscow-comparison.html","DUPLICATE_INTERNAL_LINK","index2.html","Target linked 2 times on this page."
"moscow-comparison.html","DUPLICATE_INTERNAL_LINK","comparison.html","Target linked 3 times on this page."
"moscow-comparison.html","DUPLICATE_INTERNAL_LINK","podcasts.html","Target linked 2 times on this page."
"moscow-coworking-guide.html","DUPLICATE_INTERNAL_LINK","about.html","Target linked 2 times on this page."
"moscow-coworking-guide.html","DUPLICATE_INTERNAL_LINK","index2.html","Target linked 6 times on this page."
"moscow-coworking-guide.html","DUPLICATE_INTERNAL_LINK","comparison.html","Target linked 4 times on this page."
"moscow-coworking-guide.html","DUPLICATE_INTERNAL_LINK","index.html","Target linked 5 times on this page."
"moscow-podcast-proposal.html","DUPLICATE_INTERNAL_LINK","index.html","Target linked 5 times on this page."
"moscow-podcast-proposal.html","DUPLICATE_INTERNAL_LINK","index2.html","Target linked 2 times on this page."
"moscow-podcast-proposal.html","DUPLICATE_INTERNAL_LINK","comparison.html","Target linked 2 times on this page."
"moscow-podcast-proposal.html","DUPLICATE_INTERNAL_LINK","about.html","Target linked 2 times on this page."
"moscow-podcast-proposal.html","DUPLICATE_INTERNAL_LINK","podcasts.html","Target linked 3 times on this page."
"mumbai-comparison.html","DUPLICATE_INTERNAL_LINK","index.html","Target linked 4 times on this page."
"mumbai-comparison.html","DUPLICATE_INTERNAL_LINK","index2.html","Target linked 2 times on this page."
"mumbai-comparison.html","DUPLICATE_INTERNAL_LINK","comparison.html","Target linked 3 times on this page."
"mumbai-comparison.html","DUPLICATE_INTERNAL_LINK","podcasts.html","Target linked 2 times on this page."
"mumbai-coworking-guide.html","DUPLICATE_INTERNAL_LINK","about.html","Target linked 2 times on this page."
"mumbai-coworking-guide.html","DUPLICATE_INTERNAL_LINK","index2.html","Target linked 6 times on this page."
"mumbai-coworking-guide.html","DUPLICATE_INTERNAL_LINK","comparison.html","Target linked 4 times on this page."
"mumbai-coworking-guide.html","DUPLICATE_INTERNAL_LINK","index.html","Target linked 5 times on this page."
"mumbai-podcast-proposal.html","BROKEN_LINK","regions/south-asia.html","Target HTML file does not exist in workspace."
"mumbai-podcast-proposal.html","DUPLICATE_INTERNAL_LINK","about.html","Target linked 2 times on this page."
"mumbai-podcast-proposal.html","DUPLICATE_INTERNAL_LINK","podcasts.html","Target linked 2 times on this page."
"mumbai-podcast-proposal.html","DUPLICATE_INTERNAL_LINK","index.html","Target linked 2 times on this page."
"munich-comparison.html","DUPLICATE_INTERNAL_LINK","index.html","Target linked 4 times on this page."
"munich-comparison.html","DUPLICATE_INTERNAL_LINK","index2.html","Target linked 2 times on this page."
"munich-comparison.html","DUPLICATE_INTERNAL_LINK","comparison.html","Target linked 3 times on this page."
"munich-comparison.html","DUPLICATE_INTERNAL_LINK","podcasts.html","Target linked 2 times on this page."
"munich-coworking-guide.html","DUPLICATE_INTERNAL_LINK","about.html","Target linked 2 times on this page."
"munich-coworking-guide.html","DUPLICATE_INTERNAL_LINK","index2.html","Target linked 6 times on this page."
"munich-coworking-guide.html","DUPLICATE_INTERNAL_LINK","comparison.html","Target linked 4 times on this page."
"munich-coworking-guide.html","DUPLICATE_INTERNAL_LINK","index.html","Target linked 5 times on this page."
"munich-podcast-proposal.html","BROKEN_LINK","regions/western-europe.html","Target HTML file does not exist in workspace."
"munich-podcast-proposal.html","DUPLICATE_INTERNAL_LINK","about.html","Target linked 2 times on this page."
"munich-podcast-proposal.html","DUPLICATE_INTERNAL_LINK","podcasts.html","Target linked 2 times on this page."
"munich-podcast-proposal.html","DUPLICATE_INTERNAL_LINK","index.html","Target linked 2 times on this page."
"muscat-comparison.html","DUPLICATE_INTERNAL_LINK","index.html","Target linked 4 times on this page."
"muscat-comparison.html","DUPLICATE_INTERNAL_LINK","index2.html","Target linked 2 times on this page."
"muscat-comparison.html","DUPLICATE_INTERNAL_LINK","comparison.html","Target linked 3 times on this page."
"muscat-comparison.html","DUPLICATE_INTERNAL_LINK","podcasts.html","Target linked 2 times on this page."
"muscat-coworking-guide.html","DUPLICATE_INTERNAL_LINK","about.html","Target linked 2 times on this page."
"muscat-coworking-guide.html","DUPLICATE_INTERNAL_LINK","index2.html","Target linked 6 times on this page."
"muscat-coworking-guide.html","DUPLICATE_INTERNAL_LINK","comparison.html","Target linked 4 times on this page."
"muscat-coworking-guide.html","DUPLICATE_INTERNAL_LINK","index.html","Target linked 5 times on this page."
"muscat-podcast-proposal.html","BROKEN_LINK","regions/middle-east.html","Target HTML file does not exist in workspace."
"muscat-podcast-proposal.html","DUPLICATE_INTERNAL_LINK","about.html","Target linked 2 times on this page."
"muscat-podcast-proposal.html","DUPLICATE_INTERNAL_LINK","podcasts.html","Target linked 2 times on this page."
"muscat-podcast-proposal.html","DUPLICATE_INTERNAL_LINK","index.html","Target linked 2 times on this page."
"nagoya-comparison.html","DUPLICATE_INTERNAL_LINK","index.html","Target linked 4 times on this page."
"nagoya-comparison.html","DUPLICATE_INTERNAL_LINK","index2.html","Target linked 2 times on this page."
"nagoya-comparison.html","DUPLICATE_INTERNAL_LINK","comparison.html","Target linked 3 times on this page."
"nagoya-comparison.html","DUPLICATE_INTERNAL_LINK","podcasts.html","Target linked 2 times on this page."
"nagoya-coworking-guide.html","DUPLICATE_INTERNAL_LINK","index.html","Target linked 5 times on this page."
"nagoya-coworking-guide.html","DUPLICATE_INTERNAL_LINK","index2.html","Target linked 6 times on this page."
"nagoya-coworking-guide.html","DUPLICATE_INTERNAL_LINK","bangkok-coworking-guide.html","Target linked 2 times on this page."
"nagoya-coworking-guide.html","DUPLICATE_INTERNAL_LINK","about.html","Target linked 2 times on this page."
"nagoya-coworking-guide.html","DUPLICATE_INTERNAL_LINK","comparison.html","Target linked 4 times on this page."
"nagoya-podcast-proposal.html","DUPLICATE_INTERNAL_LINK","index.html","Target linked 5 times on this page."
"nagoya-podcast-proposal.html","DUPLICATE_INTERNAL_LINK","index2.html","Target linked 2 times on this page."
"nagoya-podcast-proposal.html","DUPLICATE_INTERNAL_LINK","comparison.html","Target linked 2 times on this page."
"nagoya-podcast-proposal.html","DUPLICATE_INTERNAL_LINK","about.html","Target linked 2 times on this page."
"nagoya-podcast-proposal.html","DUPLICATE_INTERNAL_LINK","podcasts.html","Target linked 3 times on this page."
"nairobi-comparison.html","DUPLICATE_INTERNAL_LINK","index.html","Target linked 4 times on this page."
"nairobi-comparison.html","DUPLICATE_INTERNAL_LINK","index2.html","Target linked 2 times on this page."
"nairobi-comparison.html","DUPLICATE_INTERNAL_LINK","comparison.html","Target linked 3 times on this page."
"nairobi-comparison.html","DUPLICATE_INTERNAL_LINK","podcasts.html","Target linked 2 times on this page."
"nairobi-coworking-guide.html","DUPLICATE_INTERNAL_LINK","about.html","Target linked 2 times on this page."
"nairobi-coworking-guide.html","DUPLICATE_INTERNAL_LINK","index2.html","Target linked 6 times on this page."
"nairobi-coworking-guide.html","DUPLICATE_INTERNAL_LINK","comparison.html","Target linked 4 times on this page."
"nairobi-coworking-guide.html","DUPLICATE_INTERNAL_LINK","index.html","Target linked 5 times on this page."
"nairobi-podcast-proposal.html","BROKEN_LINK","regions/africa.html","Target HTML file does not exist in workspace."
"nairobi-podcast-proposal.html","DUPLICATE_INTERNAL_LINK","about.html","Target linked 2 times on this page."
"nairobi-podcast-proposal.html","DUPLICATE_INTERNAL_LINK","index.html","Target linked 2 times on this page."
"nairobi-podcast-proposal.html","DUPLICATE_INTERNAL_LINK","podcasts.html","Target linked 2 times on this page."
"nashville-comparison.html","DUPLICATE_INTERNAL_LINK","index.html","Target linked 4 times on this page."
"nashville-comparison.html","DUPLICATE_INTERNAL_LINK","index2.html","Target linked 2 times on this page."
"nashville-comparison.html","DUPLICATE_INTERNAL_LINK","comparison.html","Target linked 3 times on this page."
"nashville-comparison.html","DUPLICATE_INTERNAL_LINK","podcasts.html","Target linked 2 times on this page."
"nashville-coworking-guide.html","DUPLICATE_INTERNAL_LINK","about.html","Target linked 2 times on this page."
"nashville-coworking-guide.html","DUPLICATE_INTERNAL_LINK","index2.html","Target linked 6 times on this page."
"nashville-coworking-guide.html","DUPLICATE_INTERNAL_LINK","comparison.html","Target linked 4 times on this page."
"nashville-coworking-guide.html","DUPLICATE_INTERNAL_LINK","index.html","Target linked 5 times on this page."
"nashville-podcast-proposal.html","BROKEN_LINK","regions/north-america.html","Target HTML file does not exist in workspace."
"nashville-podcast-proposal.html","DUPLICATE_INTERNAL_LINK","about.html","Target linked 2 times on this page."
"nashville-podcast-proposal.html","DUPLICATE_INTERNAL_LINK","podcasts.html","Target linked 2 times on this page."
"nashville-podcast-proposal.html","DUPLICATE_INTERNAL_LINK","index.html","Target linked 2 times on this page."
"nassau-comparison.html","DUPLICATE_INTERNAL_LINK","index.html","Target linked 4 times on this page."
"nassau-comparison.html","DUPLICATE_INTERNAL_LINK","index2.html","Target linked 2 times on this page."
"nassau-comparison.html","DUPLICATE_INTERNAL_LINK","comparison.html","Target linked 3 times on this page."
"nassau-comparison.html","DUPLICATE_INTERNAL_LINK","podcasts.html","Target linked 2 times on this page."
"nassau-coworking-guide.html","DUPLICATE_INTERNAL_LINK","index.html","Target linked 5 times on this page."
"nassau-coworking-guide.html","DUPLICATE_INTERNAL_LINK","index2.html","Target linked 6 times on this page."
"nassau-coworking-guide.html","DUPLICATE_INTERNAL_LINK","bangkok-coworking-guide.html","Target linked 2 times on this page."
"nassau-coworking-guide.html","DUPLICATE_INTERNAL_LINK","about.html","Target linked 2 times on this page."
"nassau-coworking-guide.html","DUPLICATE_INTERNAL_LINK","comparison.html","Target linked 4 times on this page."
"nassau-podcast-proposal.html","DUPLICATE_INTERNAL_LINK","index.html","Target linked 5 times on this page."
"nassau-podcast-proposal.html","DUPLICATE_INTERNAL_LINK","index2.html","Target linked 2 times on this page."
"nassau-podcast-proposal.html","DUPLICATE_INTERNAL_LINK","comparison.html","Target linked 2 times on this page."
"nassau-podcast-proposal.html","DUPLICATE_INTERNAL_LINK","about.html","Target linked 2 times on this page."
"nassau-podcast-proposal.html","DUPLICATE_INTERNAL_LINK","podcasts.html","Target linked 3 times on this page."
"new-delhi-comparison.html","DUPLICATE_INTERNAL_LINK","index.html","Target linked 4 times on this page."
"new-delhi-comparison.html","DUPLICATE_INTERNAL_LINK","index2.html","Target linked 2 times on this page."
"new-delhi-comparison.html","DUPLICATE_INTERNAL_LINK","comparison.html","Target linked 3 times on this page."
"new-delhi-comparison.html","DUPLICATE_INTERNAL_LINK","podcasts.html","Target linked 2 times on this page."
"new-delhi-coworking-guide.html","DUPLICATE_INTERNAL_LINK","about.html","Target linked 2 times on this page."
"new-delhi-coworking-guide.html","DUPLICATE_INTERNAL_LINK","index2.html","Target linked 6 times on this page."
"new-delhi-coworking-guide.html","DUPLICATE_INTERNAL_LINK","comparison.html","Target linked 4 times on this page."
"new-delhi-coworking-guide.html","DUPLICATE_INTERNAL_LINK","index.html","Target linked 5 times on this page."
"new-delhi-podcast-proposal.html","DUPLICATE_INTERNAL_LINK","index.html","Target linked 5 times on this page."
"new-delhi-podcast-proposal.html","DUPLICATE_INTERNAL_LINK","index2.html","Target linked 2 times on this page."
"new-delhi-podcast-proposal.html","DUPLICATE_INTERNAL_LINK","comparison.html","Target linked 2 times on this page."
"new-delhi-podcast-proposal.html","DUPLICATE_INTERNAL_LINK","about.html","Target linked 2 times on this page."
"new-delhi-podcast-proposal.html","DUPLICATE_INTERNAL_LINK","podcasts.html","Target linked 3 times on this page."
"new-orleans-comparison.html","DUPLICATE_INTERNAL_LINK","index.html","Target linked 4 times on this page."
"new-orleans-comparison.html","DUPLICATE_INTERNAL_LINK","index2.html","Target linked 2 times on this page."
"new-orleans-comparison.html","DUPLICATE_INTERNAL_LINK","comparison.html","Target linked 3 times on this page."
"new-orleans-comparison.html","DUPLICATE_INTERNAL_LINK","podcasts.html","Target linked 2 times on this page."
"new-orleans-coworking-guide.html","DUPLICATE_INTERNAL_LINK","about.html","Target linked 2 times on this page."
"new-orleans-coworking-guide.html","DUPLICATE_INTERNAL_LINK","index2.html","Target linked 6 times on this page."
"new-orleans-coworking-guide.html","DUPLICATE_INTERNAL_LINK","comparison.html","Target linked 4 times on this page."
"new-orleans-coworking-guide.html","DUPLICATE_INTERNAL_LINK","index.html","Target linked 5 times on this page."
"new-orleans-podcast-proposal.html","DUPLICATE_INTERNAL_LINK","index.html","Target linked 5 times on this page."
"new-orleans-podcast-proposal.html","DUPLICATE_INTERNAL_LINK","index2.html","Target linked 2 times on this page."
"new-orleans-podcast-proposal.html","DUPLICATE_INTERNAL_LINK","comparison.html","Target linked 2 times on this page."
"new-orleans-podcast-proposal.html","DUPLICATE_INTERNAL_LINK","about.html","Target linked 2 times on this page."
"new-orleans-podcast-proposal.html","DUPLICATE_INTERNAL_LINK","podcasts.html","Target linked 3 times on this page."
"new-york-city-comparison.html","DUPLICATE_INTERNAL_LINK","index.html","Target linked 4 times on this page."
"new-york-city-comparison.html","DUPLICATE_INTERNAL_LINK","index2.html","Target linked 2 times on this page."
"new-york-city-comparison.html","DUPLICATE_INTERNAL_LINK","comparison.html","Target linked 3 times on this page."
"new-york-city-comparison.html","DUPLICATE_INTERNAL_LINK","podcasts.html","Target linked 2 times on this page."
"new-york-city-coworking-guide.html","DUPLICATE_INTERNAL_LINK","about.html","Target linked 2 times on this page."
"new-york-city-coworking-guide.html","DUPLICATE_INTERNAL_LINK","index2.html","Target linked 6 times on this page."
"new-york-city-coworking-guide.html","DUPLICATE_INTERNAL_LINK","comparison.html","Target linked 4 times on this page."
"new-york-city-coworking-guide.html","DUPLICATE_INTERNAL_LINK","index.html","Target linked 5 times on this page."
"new-york-city-podcast-proposal.html","DUPLICATE_INTERNAL_LINK","index.html","Target linked 5 times on this page."
"new-york-city-podcast-proposal.html","DUPLICATE_INTERNAL_LINK","index2.html","Target linked 2 times on this page."
"new-york-city-podcast-proposal.html","DUPLICATE_INTERNAL_LINK","comparison.html","Target linked 2 times on this page."
"new-york-city-podcast-proposal.html","DUPLICATE_INTERNAL_LINK","about.html","Target linked 2 times on this page."
"new-york-city-podcast-proposal.html","DUPLICATE_INTERNAL_LINK","podcasts.html","Target linked 3 times on this page."
"new-york-podcast-proposal.html","BROKEN_LINK","regions/north-america.html","Target HTML file does not exist in workspace."
"new-york-podcast-proposal.html","DUPLICATE_INTERNAL_LINK","about.html","Target linked 2 times on this page."
"new-york-podcast-proposal.html","DUPLICATE_INTERNAL_LINK","podcasts.html","Target linked 2 times on this page."
"new-york-podcast-proposal.html","DUPLICATE_INTERNAL_LINK","index.html","Target linked 2 times on this page."
"newcastle-comparison.html","DUPLICATE_INTERNAL_LINK","index.html","Target linked 4 times on this page."
"newcastle-comparison.html","DUPLICATE_INTERNAL_LINK","index2.html","Target linked 2 times on this page."
"newcastle-comparison.html","DUPLICATE_INTERNAL_LINK","comparison.html","Target linked 3 times on this page."
"newcastle-comparison.html","DUPLICATE_INTERNAL_LINK","podcasts.html","Target linked 2 times on this page."
"newcastle-coworking-guide.html","DUPLICATE_INTERNAL_LINK","about.html","Target linked 2 times on this page."
"newcastle-coworking-guide.html","DUPLICATE_INTERNAL_LINK","index2.html","Target linked 6 times on this page."
"newcastle-coworking-guide.html","DUPLICATE_INTERNAL_LINK","comparison.html","Target linked 4 times on this page."
"newcastle-coworking-guide.html","DUPLICATE_INTERNAL_LINK","index.html","Target linked 5 times on this page."
"newcastle-podcast-proposal.html","DUPLICATE_INTERNAL_LINK","index.html","Target linked 5 times on this page."
"newcastle-podcast-proposal.html","DUPLICATE_INTERNAL_LINK","index2.html","Target linked 2 times on this page."
"newcastle-podcast-proposal.html","DUPLICATE_INTERNAL_LINK","comparison.html","Target linked 2 times on this page."
"newcastle-podcast-proposal.html","DUPLICATE_INTERNAL_LINK","about.html","Target linked 2 times on this page."
"newcastle-podcast-proposal.html","DUPLICATE_INTERNAL_LINK","podcasts.html","Target linked 3 times on this page."
"nice-podcast-proposal.html","BROKEN_LINK","regions/western-europe.html","Target HTML file does not exist in workspace."
"nice-podcast-proposal.html","DUPLICATE_INTERNAL_LINK","about.html","Target linked 2 times on this page."
"nice-podcast-proposal.html","DUPLICATE_INTERNAL_LINK","podcasts.html","Target linked 2 times on this page."
"nice-podcast-proposal.html","DUPLICATE_INTERNAL_LINK","index.html","Target linked 2 times on this page."
"nuremberg-comparison.html","DUPLICATE_INTERNAL_LINK","index.html","Target linked 4 times on this page."
"nuremberg-comparison.html","DUPLICATE_INTERNAL_LINK","index2.html","Target linked 2 times on this page."
"nuremberg-comparison.html","DUPLICATE_INTERNAL_LINK","comparison.html","Target linked 3 times on this page."
"nuremberg-comparison.html","DUPLICATE_INTERNAL_LINK","podcasts.html","Target linked 2 times on this page."
"nuremberg-coworking-guide.html","DUPLICATE_INTERNAL_LINK","about.html","Target linked 2 times on this page."
"nuremberg-coworking-guide.html","DUPLICATE_INTERNAL_LINK","index2.html","Target linked 6 times on this page."
"nuremberg-coworking-guide.html","DUPLICATE_INTERNAL_LINK","comparison.html","Target linked 4 times on this page."
"nuremberg-coworking-guide.html","DUPLICATE_INTERNAL_LINK","index.html","Target linked 5 times on this page."
"nuremberg-podcast-proposal.html","DUPLICATE_INTERNAL_LINK","index.html","Target linked 5 times on this page."
"nuremberg-podcast-proposal.html","DUPLICATE_INTERNAL_LINK","index2.html","Target linked 2 times on this page."
"nuremberg-podcast-proposal.html","DUPLICATE_INTERNAL_LINK","comparison.html","Target linked 2 times on this page."
"nuremberg-podcast-proposal.html","DUPLICATE_INTERNAL_LINK","about.html","Target linked 2 times on this page."
"nuremberg-podcast-proposal.html","DUPLICATE_INTERNAL_LINK","podcasts.html","Target linked 3 times on this page."
"oaxaca-podcast-proposal.html","BROKEN_LINK","regions/north-america.html","Target HTML file does not exist in workspace."
"oaxaca-podcast-proposal.html","DUPLICATE_INTERNAL_LINK","about.html","Target linked 2 times on this page."
"oaxaca-podcast-proposal.html","DUPLICATE_INTERNAL_LINK","podcasts.html","Target linked 2 times on this page."
"oaxaca-podcast-proposal.html","DUPLICATE_INTERNAL_LINK","index.html","Target linked 2 times on this page."
"odesa-comparison.html","DUPLICATE_INTERNAL_LINK","index.html","Target linked 4 times on this page."
"odesa-comparison.html","DUPLICATE_INTERNAL_LINK","index2.html","Target linked 2 times on this page."
"odesa-comparison.html","DUPLICATE_INTERNAL_LINK","comparison.html","Target linked 3 times on this page."
"odesa-comparison.html","DUPLICATE_INTERNAL_LINK","podcasts.html","Target linked 2 times on this page."
"odesa-coworking-guide.html","DUPLICATE_INTERNAL_LINK","about.html","Target linked 2 times on this page."
"odesa-coworking-guide.html","DUPLICATE_INTERNAL_LINK","index2.html","Target linked 6 times on this page."
"odesa-coworking-guide.html","DUPLICATE_INTERNAL_LINK","comparison.html","Target linked 4 times on this page."
"odesa-coworking-guide.html","DUPLICATE_INTERNAL_LINK","index.html","Target linked 5 times on this page."
"odesa-podcast-proposal.html","DUPLICATE_INTERNAL_LINK","index.html","Target linked 5 times on this page."
"odesa-podcast-proposal.html","DUPLICATE_INTERNAL_LINK","index2.html","Target linked 2 times on this page."
"odesa-podcast-proposal.html","DUPLICATE_INTERNAL_LINK","comparison.html","Target linked 2 times on this page."
"odesa-podcast-proposal.html","DUPLICATE_INTERNAL_LINK","about.html","Target linked 2 times on this page."
"odesa-podcast-proposal.html","DUPLICATE_INTERNAL_LINK","podcasts.html","Target linked 3 times on this page."
"oklahoma-city-comparison.html","DUPLICATE_INTERNAL_LINK","index.html","Target linked 4 times on this page."
"oklahoma-city-comparison.html","DUPLICATE_INTERNAL_LINK","index2.html","Target linked 2 times on this page."
"oklahoma-city-comparison.html","DUPLICATE_INTERNAL_LINK","comparison.html","Target linked 3 times on this page."
"oklahoma-city-comparison.html","DUPLICATE_INTERNAL_LINK","podcasts.html","Target linked 2 times on this page."
"oklahoma-city-coworking-guide.html","DUPLICATE_INTERNAL_LINK","about.html","Target linked 2 times on this page."
"oklahoma-city-coworking-guide.html","DUPLICATE_INTERNAL_LINK","index2.html","Target linked 6 times on this page."
"oklahoma-city-coworking-guide.html","DUPLICATE_INTERNAL_LINK","comparison.html","Target linked 4 times on this page."
"oklahoma-city-coworking-guide.html","DUPLICATE_INTERNAL_LINK","index.html","Target linked 5 times on this page."
"oklahoma-city-podcast-proposal.html","DUPLICATE_INTERNAL_LINK","index.html","Target linked 5 times on this page."
"oklahoma-city-podcast-proposal.html","DUPLICATE_INTERNAL_LINK","index2.html","Target linked 2 times on this page."
"oklahoma-city-podcast-proposal.html","DUPLICATE_INTERNAL_LINK","comparison.html","Target linked 2 times on this page."
"oklahoma-city-podcast-proposal.html","DUPLICATE_INTERNAL_LINK","about.html","Target linked 2 times on this page."
"oklahoma-city-podcast-proposal.html","DUPLICATE_INTERNAL_LINK","podcasts.html","Target linked 3 times on this page."
"omaha-comparison.html","DUPLICATE_INTERNAL_LINK","index.html","Target linked 4 times on this page."
"omaha-comparison.html","DUPLICATE_INTERNAL_LINK","index2.html","Target linked 2 times on this page."
"omaha-comparison.html","DUPLICATE_INTERNAL_LINK","comparison.html","Target linked 3 times on this page."
"omaha-comparison.html","DUPLICATE_INTERNAL_LINK","podcasts.html","Target linked 2 times on this page."
"omaha-coworking-guide.html","DUPLICATE_INTERNAL_LINK","about.html","Target linked 2 times on this page."
"omaha-coworking-guide.html","DUPLICATE_INTERNAL_LINK","index2.html","Target linked 6 times on this page."
"omaha-coworking-guide.html","DUPLICATE_INTERNAL_LINK","comparison.html","Target linked 4 times on this page."
"omaha-coworking-guide.html","DUPLICATE_INTERNAL_LINK","index.html","Target linked 5 times on this page."
"omaha-podcast-proposal.html","DUPLICATE_INTERNAL_LINK","index.html","Target linked 5 times on this page."
"omaha-podcast-proposal.html","DUPLICATE_INTERNAL_LINK","index2.html","Target linked 2 times on this page."
"omaha-podcast-proposal.html","DUPLICATE_INTERNAL_LINK","comparison.html","Target linked 2 times on this page."
"omaha-podcast-proposal.html","DUPLICATE_INTERNAL_LINK","about.html","Target linked 2 times on this page."
"omaha-podcast-proposal.html","DUPLICATE_INTERNAL_LINK","podcasts.html","Target linked 3 times on this page."
"osaka-comparison.html","DUPLICATE_INTERNAL_LINK","index.html","Target linked 4 times on this page."
"osaka-comparison.html","DUPLICATE_INTERNAL_LINK","index2.html","Target linked 2 times on this page."
"osaka-comparison.html","DUPLICATE_INTERNAL_LINK","comparison.html","Target linked 3 times on this page."
"osaka-comparison.html","DUPLICATE_INTERNAL_LINK","podcasts.html","Target linked 2 times on this page."
"osaka-coworking-guide.html","DUPLICATE_INTERNAL_LINK","index.html","Target linked 5 times on this page."
"osaka-coworking-guide.html","DUPLICATE_INTERNAL_LINK","index2.html","Target linked 6 times on this page."
"osaka-coworking-guide.html","DUPLICATE_INTERNAL_LINK","bangkok-coworking-guide.html","Target linked 2 times on this page."
"osaka-coworking-guide.html","DUPLICATE_INTERNAL_LINK","about.html","Target linked 2 times on this page."
"osaka-coworking-guide.html","DUPLICATE_INTERNAL_LINK","comparison.html","Target linked 4 times on this page."
"osaka-podcast-proposal.html","BROKEN_LINK","regions/east-asia.html","Target HTML file does not exist in workspace."
"osaka-podcast-proposal.html","DUPLICATE_INTERNAL_LINK","about.html","Target linked 2 times on this page."
"osaka-podcast-proposal.html","DUPLICATE_INTERNAL_LINK","podcasts.html","Target linked 2 times on this page."
"osaka-podcast-proposal.html","DUPLICATE_INTERNAL_LINK","index.html","Target linked 2 times on this page."
"oslo-comparison.html","DUPLICATE_INTERNAL_LINK","index.html","Target linked 4 times on this page."
"oslo-comparison.html","DUPLICATE_INTERNAL_LINK","index2.html","Target linked 2 times on this page."
"oslo-comparison.html","DUPLICATE_INTERNAL_LINK","comparison.html","Target linked 3 times on this page."
"oslo-comparison.html","DUPLICATE_INTERNAL_LINK","podcasts.html","Target linked 2 times on this page."
"oslo-coworking-guide.html","DUPLICATE_INTERNAL_LINK","about.html","Target linked 2 times on this page."
"oslo-coworking-guide.html","DUPLICATE_INTERNAL_LINK","index2.html","Target linked 6 times on this page."
"oslo-coworking-guide.html","DUPLICATE_INTERNAL_LINK","comparison.html","Target linked 4 times on this page."
"oslo-coworking-guide.html","DUPLICATE_INTERNAL_LINK","index.html","Target linked 5 times on this page."
"oslo-podcast-proposal.html","DUPLICATE_INTERNAL_LINK","index.html","Target linked 5 times on this page."
"oslo-podcast-proposal.html","DUPLICATE_INTERNAL_LINK","index2.html","Target linked 2 times on this page."
"oslo-podcast-proposal.html","DUPLICATE_INTERNAL_LINK","comparison.html","Target linked 2 times on this page."
"oslo-podcast-proposal.html","DUPLICATE_INTERNAL_LINK","about.html","Target linked 2 times on this page."
"oslo-podcast-proposal.html","DUPLICATE_INTERNAL_LINK","podcasts.html","Target linked 3 times on this page."
"ottawa-comparison.html","DUPLICATE_INTERNAL_LINK","index.html","Target linked 4 times on this page."
"ottawa-comparison.html","DUPLICATE_INTERNAL_LINK","index2.html","Target linked 2 times on this page."
"ottawa-comparison.html","DUPLICATE_INTERNAL_LINK","comparison.html","Target linked 3 times on this page."
"ottawa-comparison.html","DUPLICATE_INTERNAL_LINK","podcasts.html","Target linked 2 times on this page."
"ottawa-coworking-guide.html","DUPLICATE_INTERNAL_LINK","about.html","Target linked 2 times on this page."
"ottawa-coworking-guide.html","DUPLICATE_INTERNAL_LINK","index2.html","Target linked 6 times on this page."
"ottawa-coworking-guide.html","DUPLICATE_INTERNAL_LINK","comparison.html","Target linked 4 times on this page."
"ottawa-coworking-guide.html","DUPLICATE_INTERNAL_LINK","index.html","Target linked 5 times on this page."
"ottawa-podcast-proposal.html","BROKEN_LINK","regions/north-america.html","Target HTML file does not exist in workspace."
"ottawa-podcast-proposal.html","DUPLICATE_INTERNAL_LINK","about.html","Target linked 2 times on this page."
"ottawa-podcast-proposal.html","DUPLICATE_INTERNAL_LINK","podcasts.html","Target linked 2 times on this page."
"ottawa-podcast-proposal.html","DUPLICATE_INTERNAL_LINK","index.html","Target linked 2 times on this page."
"panama-city-comparison.html","DUPLICATE_INTERNAL_LINK","index.html","Target linked 4 times on this page."
"panama-city-comparison.html","DUPLICATE_INTERNAL_LINK","index2.html","Target linked 2 times on this page."
"panama-city-comparison.html","DUPLICATE_INTERNAL_LINK","comparison.html","Target linked 3 times on this page."
"panama-city-comparison.html","DUPLICATE_INTERNAL_LINK","podcasts.html","Target linked 2 times on this page."
"panama-city-coworking-guide.html","DUPLICATE_INTERNAL_LINK","about.html","Target linked 2 times on this page."
"panama-city-coworking-guide.html","DUPLICATE_INTERNAL_LINK","index2.html","Target linked 6 times on this page."
"panama-city-coworking-guide.html","DUPLICATE_INTERNAL_LINK","comparison.html","Target linked 4 times on this page."
"panama-city-coworking-guide.html","DUPLICATE_INTERNAL_LINK","index.html","Target linked 5 times on this page."
"panama-city-podcast-proposal.html","BROKEN_LINK","regions/north-america.html","Target HTML file does not exist in workspace."
"panama-city-podcast-proposal.html","DUPLICATE_INTERNAL_LINK","about.html","Target linked 2 times on this page."
"panama-city-podcast-proposal.html","DUPLICATE_INTERNAL_LINK","podcasts.html","Target linked 2 times on this page."
"panama-city-podcast-proposal.html","DUPLICATE_INTERNAL_LINK","index.html","Target linked 2 times on this page."
"paris-comparison.html","DUPLICATE_INTERNAL_LINK","index.html","Target linked 4 times on this page."
"paris-comparison.html","DUPLICATE_INTERNAL_LINK","index2.html","Target linked 2 times on this page."
"paris-comparison.html","DUPLICATE_INTERNAL_LINK","comparison.html","Target linked 3 times on this page."
"paris-comparison.html","DUPLICATE_INTERNAL_LINK","podcasts.html","Target linked 2 times on this page."
"paris-coworking-guide.html","DUPLICATE_INTERNAL_LINK","about.html","Target linked 2 times on this page."
"paris-coworking-guide.html","DUPLICATE_INTERNAL_LINK","index2.html","Target linked 6 times on this page."
"paris-coworking-guide.html","DUPLICATE_INTERNAL_LINK","comparison.html","Target linked 4 times on this page."
"paris-coworking-guide.html","DUPLICATE_INTERNAL_LINK","index.html","Target linked 5 times on this page."
"paris-podcast-proposal.html","BROKEN_LINK","regions/western-europe.html","Target HTML file does not exist in workspace."
"paris-podcast-proposal.html","DUPLICATE_INTERNAL_LINK","about.html","Target linked 2 times on this page."
"paris-podcast-proposal.html","DUPLICATE_INTERNAL_LINK","podcasts.html","Target linked 2 times on this page."
"paris-podcast-proposal.html","DUPLICATE_INTERNAL_LINK","index.html","Target linked 2 times on this page."
"penang-podcast-proposal.html","BROKEN_LINK","regions/southeast-asia.html","Target HTML file does not exist in workspace."
"penang-podcast-proposal.html","DUPLICATE_INTERNAL_LINK","about.html","Target linked 2 times on this page."
"penang-podcast-proposal.html","DUPLICATE_INTERNAL_LINK","podcasts.html","Target linked 2 times on this page."
"penang-podcast-proposal.html","DUPLICATE_INTERNAL_LINK","index.html","Target linked 2 times on this page."
"perth-comparison.html","DUPLICATE_INTERNAL_LINK","index.html","Target linked 4 times on this page."
"perth-comparison.html","DUPLICATE_INTERNAL_LINK","index2.html","Target linked 2 times on this page."
"perth-comparison.html","DUPLICATE_INTERNAL_LINK","comparison.html","Target linked 3 times on this page."
"perth-comparison.html","DUPLICATE_INTERNAL_LINK","podcasts.html","Target linked 2 times on this page."
"perth-coworking-guide.html","DUPLICATE_INTERNAL_LINK","about.html","Target linked 2 times on this page."
"perth-coworking-guide.html","DUPLICATE_INTERNAL_LINK","index2.html","Target linked 6 times on this page."
"perth-coworking-guide.html","DUPLICATE_INTERNAL_LINK","comparison.html","Target linked 4 times on this page."
"perth-coworking-guide.html","DUPLICATE_INTERNAL_LINK","index.html","Target linked 5 times on this page."
"perth-podcast-proposal.html","DUPLICATE_INTERNAL_LINK","index.html","Target linked 5 times on this page."
"perth-podcast-proposal.html","DUPLICATE_INTERNAL_LINK","index2.html","Target linked 2 times on this page."
"perth-podcast-proposal.html","DUPLICATE_INTERNAL_LINK","comparison.html","Target linked 2 times on this page."
"perth-podcast-proposal.html","DUPLICATE_INTERNAL_LINK","about.html","Target linked 2 times on this page."
"perth-podcast-proposal.html","DUPLICATE_INTERNAL_LINK","podcasts.html","Target linked 3 times on this page."
"philadelphia-comparison.html","DUPLICATE_INTERNAL_LINK","index.html","Target linked 4 times on this page."
"philadelphia-comparison.html","DUPLICATE_INTERNAL_LINK","index2.html","Target linked 2 times on this page."
"philadelphia-comparison.html","DUPLICATE_INTERNAL_LINK","comparison.html","Target linked 3 times on this page."
"philadelphia-comparison.html","DUPLICATE_INTERNAL_LINK","podcasts.html","Target linked 2 times on this page."
"philadelphia-coworking-guide.html","DUPLICATE_INTERNAL_LINK","about.html","Target linked 2 times on this page."
"philadelphia-coworking-guide.html","DUPLICATE_INTERNAL_LINK","index2.html","Target linked 6 times on this page."
"philadelphia-coworking-guide.html","DUPLICATE_INTERNAL_LINK","comparison.html","Target linked 4 times on this page."
"philadelphia-coworking-guide.html","DUPLICATE_INTERNAL_LINK","index.html","Target linked 5 times on this page."
"philadelphia-podcast-proposal.html","DUPLICATE_INTERNAL_LINK","index.html","Target linked 5 times on this page."
"philadelphia-podcast-proposal.html","DUPLICATE_INTERNAL_LINK","index2.html","Target linked 2 times on this page."
"philadelphia-podcast-proposal.html","DUPLICATE_INTERNAL_LINK","comparison.html","Target linked 2 times on this page."
"philadelphia-podcast-proposal.html","DUPLICATE_INTERNAL_LINK","about.html","Target linked 2 times on this page."
"philadelphia-podcast-proposal.html","DUPLICATE_INTERNAL_LINK","podcasts.html","Target linked 3 times on this page."
"phnom-penh-comparison.html","DUPLICATE_INTERNAL_LINK","index.html","Target linked 4 times on this page."
"phnom-penh-comparison.html","DUPLICATE_INTERNAL_LINK","index2.html","Target linked 2 times on this page."
"phnom-penh-comparison.html","DUPLICATE_INTERNAL_LINK","comparison.html","Target linked 3 times on this page."
"phnom-penh-comparison.html","DUPLICATE_INTERNAL_LINK","podcasts.html","Target linked 2 times on this page."
"phnom-penh-coworking-guide.html","DUPLICATE_INTERNAL_LINK","about.html","Target linked 2 times on this page."
"phnom-penh-coworking-guide.html","DUPLICATE_INTERNAL_LINK","index2.html","Target linked 6 times on this page."
"phnom-penh-coworking-guide.html","DUPLICATE_INTERNAL_LINK","comparison.html","Target linked 4 times on this page."
"phnom-penh-coworking-guide.html","DUPLICATE_INTERNAL_LINK","index.html","Target linked 5 times on this page."
"phnom-penh-podcast-proposal.html","BROKEN_LINK","regions/southeast-asia.html","Target HTML file does not exist in workspace."
"phnom-penh-podcast-proposal.html","DUPLICATE_INTERNAL_LINK","about.html","Target linked 2 times on this page."
"phnom-penh-podcast-proposal.html","DUPLICATE_INTERNAL_LINK","podcasts.html","Target linked 2 times on this page."
"phnom-penh-podcast-proposal.html","DUPLICATE_INTERNAL_LINK","index.html","Target linked 2 times on this page."
"phoenix-comparison.html","DUPLICATE_INTERNAL_LINK","index.html","Target linked 4 times on this page."
"phoenix-comparison.html","DUPLICATE_INTERNAL_LINK","index2.html","Target linked 2 times on this page."
"phoenix-comparison.html","DUPLICATE_INTERNAL_LINK","comparison.html","Target linked 3 times on this page."
"phoenix-comparison.html","DUPLICATE_INTERNAL_LINK","podcasts.html","Target linked 2 times on this page."
"phoenix-coworking-guide.html","DUPLICATE_INTERNAL_LINK","about.html","Target linked 2 times on this page."
"phoenix-coworking-guide.html","DUPLICATE_INTERNAL_LINK","index2.html","Target linked 6 times on this page."
"phoenix-coworking-guide.html","DUPLICATE_INTERNAL_LINK","comparison.html","Target linked 4 times on this page."
"phoenix-coworking-guide.html","DUPLICATE_INTERNAL_LINK","index.html","Target linked 5 times on this page."
"phoenix-podcast-proposal.html","DUPLICATE_INTERNAL_LINK","index.html","Target linked 5 times on this page."
"phoenix-podcast-proposal.html","DUPLICATE_INTERNAL_LINK","index2.html","Target linked 2 times on this page."
"phoenix-podcast-proposal.html","DUPLICATE_INTERNAL_LINK","comparison.html","Target linked 2 times on this page."
"phoenix-podcast-proposal.html","DUPLICATE_INTERNAL_LINK","about.html","Target linked 2 times on this page."
"phoenix-podcast-proposal.html","DUPLICATE_INTERNAL_LINK","podcasts.html","Target linked 3 times on this page."
"phuket-podcast-proposal.html","BROKEN_LINK","regions/southeast-asia.html","Target HTML file does not exist in workspace."
"phuket-podcast-proposal.html","DUPLICATE_INTERNAL_LINK","about.html","Target linked 2 times on this page."
"phuket-podcast-proposal.html","DUPLICATE_INTERNAL_LINK","podcasts.html","Target linked 2 times on this page."
"phuket-podcast-proposal.html","DUPLICATE_INTERNAL_LINK","index.html","Target linked 2 times on this page."
"playa-del-carmen-podcast-proposal.html","BROKEN_LINK","regions/north-america.html","Target HTML file does not exist in workspace."
"playa-del-carmen-podcast-proposal.html","DUPLICATE_INTERNAL_LINK","about.html","Target linked 2 times on this page."
"playa-del-carmen-podcast-proposal.html","DUPLICATE_INTERNAL_LINK","podcasts.html","Target linked 2 times on this page."
"playa-del-carmen-podcast-proposal.html","DUPLICATE_INTERNAL_LINK","index.html","Target linked 2 times on this page."
"plovdiv-podcast-proposal.html","BROKEN_LINK","regions/uk-eastern-europe.html","Target HTML file does not exist in workspace."
"plovdiv-podcast-proposal.html","DUPLICATE_INTERNAL_LINK","about.html","Target linked 2 times on this page."
"plovdiv-podcast-proposal.html","DUPLICATE_INTERNAL_LINK","podcasts.html","Target linked 2 times on this page."
"plovdiv-podcast-proposal.html","DUPLICATE_INTERNAL_LINK","index.html","Target linked 2 times on this page."
"podcasts.html","DUPLICATE_INTERNAL_LINK","comparison.html","Target linked 2 times on this page."
"podcasts.html","DUPLICATE_INTERNAL_LINK","index.html","Target linked 3 times on this page."
"podcasts.html","DUPLICATE_INTERNAL_LINK","index2.html","Target linked 2 times on this page."
"podcasts.html","DUPLICATE_INTERNAL_LINK","podcasts.html","Target linked 2 times on this page."
"pokhara-podcast-proposal.html","BROKEN_LINK","regions/south-asia.html","Target HTML file does not exist in workspace."
"pokhara-podcast-proposal.html","DUPLICATE_INTERNAL_LINK","about.html","Target linked 2 times on this page."
"pokhara-podcast-proposal.html","DUPLICATE_INTERNAL_LINK","index.html","Target linked 2 times on this page."
"pokhara-podcast-proposal.html","DUPLICATE_INTERNAL_LINK","podcasts.html","Target linked 2 times on this page."
"port-au-prince-comparison.html","DUPLICATE_INTERNAL_LINK","index.html","Target linked 4 times on this page."
"port-au-prince-comparison.html","DUPLICATE_INTERNAL_LINK","index2.html","Target linked 2 times on this page."
"port-au-prince-comparison.html","DUPLICATE_INTERNAL_LINK","comparison.html","Target linked 3 times on this page."
"port-au-prince-comparison.html","DUPLICATE_INTERNAL_LINK","podcasts.html","Target linked 2 times on this page."
"port-au-prince-coworking-guide.html","DUPLICATE_INTERNAL_LINK","index.html","Target linked 5 times on this page."
"port-au-prince-coworking-guide.html","DUPLICATE_INTERNAL_LINK","index2.html","Target linked 6 times on this page."
"port-au-prince-coworking-guide.html","DUPLICATE_INTERNAL_LINK","bangkok-coworking-guide.html","Target linked 2 times on this page."
"port-au-prince-coworking-guide.html","DUPLICATE_INTERNAL_LINK","about.html","Target linked 2 times on this page."
"port-au-prince-coworking-guide.html","DUPLICATE_INTERNAL_LINK","comparison.html","Target linked 4 times on this page."
"port-au-prince-podcast-proposal.html","DUPLICATE_INTERNAL_LINK","index.html","Target linked 5 times on this page."
"port-au-prince-podcast-proposal.html","DUPLICATE_INTERNAL_LINK","index2.html","Target linked 2 times on this page."
"port-au-prince-podcast-proposal.html","DUPLICATE_INTERNAL_LINK","comparison.html","Target linked 2 times on this page."
"port-au-prince-podcast-proposal.html","DUPLICATE_INTERNAL_LINK","about.html","Target linked 2 times on this page."
"port-au-prince-podcast-proposal.html","DUPLICATE_INTERNAL_LINK","podcasts.html","Target linked 3 times on this page."
"port-of-spain-comparison.html","DUPLICATE_INTERNAL_LINK","index.html","Target linked 4 times on this page."
"port-of-spain-comparison.html","DUPLICATE_INTERNAL_LINK","index2.html","Target linked 2 times on this page."
"port-of-spain-comparison.html","DUPLICATE_INTERNAL_LINK","comparison.html","Target linked 3 times on this page."
"port-of-spain-comparison.html","DUPLICATE_INTERNAL_LINK","podcasts.html","Target linked 2 times on this page."
"port-of-spain-coworking-guide.html","DUPLICATE_INTERNAL_LINK","index.html","Target linked 5 times on this page."
"port-of-spain-coworking-guide.html","DUPLICATE_INTERNAL_LINK","index2.html","Target linked 6 times on this page."
"port-of-spain-coworking-guide.html","DUPLICATE_INTERNAL_LINK","bangkok-coworking-guide.html","Target linked 2 times on this page."
"port-of-spain-coworking-guide.html","DUPLICATE_INTERNAL_LINK","about.html","Target linked 2 times on this page."
"port-of-spain-coworking-guide.html","DUPLICATE_INTERNAL_LINK","comparison.html","Target linked 4 times on this page."
"port-of-spain-podcast-proposal.html","DUPLICATE_INTERNAL_LINK","index.html","Target linked 5 times on this page."
"port-of-spain-podcast-proposal.html","DUPLICATE_INTERNAL_LINK","index2.html","Target linked 2 times on this page."
"port-of-spain-podcast-proposal.html","DUPLICATE_INTERNAL_LINK","comparison.html","Target linked 2 times on this page."
"port-of-spain-podcast-proposal.html","DUPLICATE_INTERNAL_LINK","about.html","Target linked 2 times on this page."
"port-of-spain-podcast-proposal.html","DUPLICATE_INTERNAL_LINK","podcasts.html","Target linked 3 times on this page."
"portland-comparison.html","DUPLICATE_INTERNAL_LINK","index.html","Target linked 4 times on this page."
"portland-comparison.html","DUPLICATE_INTERNAL_LINK","index2.html","Target linked 2 times on this page."
"portland-comparison.html","DUPLICATE_INTERNAL_LINK","comparison.html","Target linked 3 times on this page."
"portland-comparison.html","DUPLICATE_INTERNAL_LINK","podcasts.html","Target linked 2 times on this page."
"portland-coworking-guide.html","DUPLICATE_INTERNAL_LINK","about.html","Target linked 2 times on this page."
"portland-coworking-guide.html","DUPLICATE_INTERNAL_LINK","index2.html","Target linked 6 times on this page."
"portland-coworking-guide.html","DUPLICATE_INTERNAL_LINK","comparison.html","Target linked 4 times on this page."
"portland-coworking-guide.html","DUPLICATE_INTERNAL_LINK","index.html","Target linked 5 times on this page."
"portland-podcast-proposal.html","BROKEN_LINK","regions/north-america.html","Target HTML file does not exist in workspace."
"portland-podcast-proposal.html","DUPLICATE_INTERNAL_LINK","about.html","Target linked 2 times on this page."
"portland-podcast-proposal.html","DUPLICATE_INTERNAL_LINK","podcasts.html","Target linked 2 times on this page."
"portland-podcast-proposal.html","DUPLICATE_INTERNAL_LINK","index.html","Target linked 2 times on this page."
"porto-podcast-proposal.html","BROKEN_LINK","regions/western-europe.html","Target HTML file does not exist in workspace."
"porto-podcast-proposal.html","DUPLICATE_INTERNAL_LINK","about.html","Target linked 2 times on this page."
"porto-podcast-proposal.html","DUPLICATE_INTERNAL_LINK","podcasts.html","Target linked 2 times on this page."
"porto-podcast-proposal.html","DUPLICATE_INTERNAL_LINK","index.html","Target linked 2 times on this page."
"prague-comparison.html","DUPLICATE_INTERNAL_LINK","index.html","Target linked 4 times on this page."
"prague-comparison.html","DUPLICATE_INTERNAL_LINK","index2.html","Target linked 2 times on this page."
"prague-comparison.html","DUPLICATE_INTERNAL_LINK","comparison.html","Target linked 3 times on this page."
"prague-comparison.html","DUPLICATE_INTERNAL_LINK","podcasts.html","Target linked 2 times on this page."
"prague-coworking-guide.html","DUPLICATE_INTERNAL_LINK","index.html","Target linked 5 times on this page."
"prague-coworking-guide.html","DUPLICATE_INTERNAL_LINK","index2.html","Target linked 6 times on this page."
"prague-coworking-guide.html","DUPLICATE_INTERNAL_LINK","comparison.html","Target linked 4 times on this page."
"prague-podcast-proposal.html","BROKEN_LINK","regions/uk-eastern-europe.html","Target HTML file does not exist in workspace."
"prague-podcast-proposal.html","DUPLICATE_INTERNAL_LINK","podcasts.html","Target linked 2 times on this page."
"prague-podcast-proposal.html","DUPLICATE_INTERNAL_LINK","index.html","Target linked 2 times on this page."
"pretoria-podcast-proposal.html","BROKEN_LINK","regions/africa.html","Target HTML file does not exist in workspace."
"pretoria-podcast-proposal.html","DUPLICATE_INTERNAL_LINK","about.html","Target linked 2 times on this page."
"pretoria-podcast-proposal.html","DUPLICATE_INTERNAL_LINK","index.html","Target linked 2 times on this page."
"pretoria-podcast-proposal.html","DUPLICATE_INTERNAL_LINK","podcasts.html","Target linked 2 times on this page."
"puebla-comparison.html","DUPLICATE_INTERNAL_LINK","index.html","Target linked 4 times on this page."
"puebla-comparison.html","DUPLICATE_INTERNAL_LINK","index2.html","Target linked 2 times on this page."
"puebla-comparison.html","DUPLICATE_INTERNAL_LINK","comparison.html","Target linked 3 times on this page."
"puebla-comparison.html","DUPLICATE_INTERNAL_LINK","podcasts.html","Target linked 2 times on this page."
"puebla-coworking-guide.html","DUPLICATE_INTERNAL_LINK","about.html","Target linked 2 times on this page."
"puebla-coworking-guide.html","DUPLICATE_INTERNAL_LINK","index2.html","Target linked 6 times on this page."
"puebla-coworking-guide.html","DUPLICATE_INTERNAL_LINK","comparison.html","Target linked 4 times on this page."
"puebla-coworking-guide.html","DUPLICATE_INTERNAL_LINK","index.html","Target linked 5 times on this page."
"puebla-podcast-proposal.html","DUPLICATE_INTERNAL_LINK","index.html","Target linked 5 times on this page."
"puebla-podcast-proposal.html","DUPLICATE_INTERNAL_LINK","index2.html","Target linked 2 times on this page."
"puebla-podcast-proposal.html","DUPLICATE_INTERNAL_LINK","comparison.html","Target linked 2 times on this page."
"puebla-podcast-proposal.html","DUPLICATE_INTERNAL_LINK","about.html","Target linked 2 times on this page."
"puebla-podcast-proposal.html","DUPLICATE_INTERNAL_LINK","podcasts.html","Target linked 3 times on this page."
"puerto-vallarta-podcast-proposal.html","BROKEN_LINK","regions/north-america.html","Target HTML file does not exist in workspace."
"puerto-vallarta-podcast-proposal.html","DUPLICATE_INTERNAL_LINK","about.html","Target linked 2 times on this page."
"puerto-vallarta-podcast-proposal.html","DUPLICATE_INTERNAL_LINK","podcasts.html","Target linked 2 times on this page."
"puerto-vallarta-podcast-proposal.html","DUPLICATE_INTERNAL_LINK","index.html","Target linked 2 times on this page."
"pune-podcast-proposal.html","BROKEN_LINK","regions/south-asia.html","Target HTML file does not exist in workspace."
"pune-podcast-proposal.html","DUPLICATE_INTERNAL_LINK","about.html","Target linked 2 times on this page."
"pune-podcast-proposal.html","DUPLICATE_INTERNAL_LINK","index.html","Target linked 2 times on this page."
"pune-podcast-proposal.html","DUPLICATE_INTERNAL_LINK","podcasts.html","Target linked 2 times on this page."
"quebec-city-comparison.html","DUPLICATE_INTERNAL_LINK","index.html","Target linked 4 times on this page."
"quebec-city-comparison.html","DUPLICATE_INTERNAL_LINK","index2.html","Target linked 2 times on this page."
"quebec-city-comparison.html","DUPLICATE_INTERNAL_LINK","comparison.html","Target linked 3 times on this page."
"quebec-city-comparison.html","DUPLICATE_INTERNAL_LINK","podcasts.html","Target linked 2 times on this page."
"quebec-city-coworking-guide.html","DUPLICATE_INTERNAL_LINK","about.html","Target linked 2 times on this page."
"quebec-city-coworking-guide.html","DUPLICATE_INTERNAL_LINK","index2.html","Target linked 6 times on this page."
"quebec-city-coworking-guide.html","DUPLICATE_INTERNAL_LINK","comparison.html","Target linked 4 times on this page."
"quebec-city-coworking-guide.html","DUPLICATE_INTERNAL_LINK","index.html","Target linked 5 times on this page."
"quebec-city-podcast-proposal.html","DUPLICATE_INTERNAL_LINK","index.html","Target linked 5 times on this page."
"quebec-city-podcast-proposal.html","DUPLICATE_INTERNAL_LINK","index2.html","Target linked 2 times on this page."
"quebec-city-podcast-proposal.html","DUPLICATE_INTERNAL_LINK","comparison.html","Target linked 2 times on this page."
"quebec-city-podcast-proposal.html","DUPLICATE_INTERNAL_LINK","about.html","Target linked 2 times on this page."
"quebec-city-podcast-proposal.html","DUPLICATE_INTERNAL_LINK","podcasts.html","Target linked 3 times on this page."
"quito-comparison.html","DUPLICATE_INTERNAL_LINK","index.html","Target linked 4 times on this page."
"quito-comparison.html","DUPLICATE_INTERNAL_LINK","index2.html","Target linked 2 times on this page."
"quito-comparison.html","DUPLICATE_INTERNAL_LINK","comparison.html","Target linked 3 times on this page."
"quito-comparison.html","DUPLICATE_INTERNAL_LINK","podcasts.html","Target linked 2 times on this page."
"quito-coworking-guide.html","DUPLICATE_INTERNAL_LINK","about.html","Target linked 2 times on this page."
"quito-coworking-guide.html","DUPLICATE_INTERNAL_LINK","index2.html","Target linked 6 times on this page."
"quito-coworking-guide.html","DUPLICATE_INTERNAL_LINK","comparison.html","Target linked 4 times on this page."
"quito-coworking-guide.html","DUPLICATE_INTERNAL_LINK","index.html","Target linked 5 times on this page."
"quito-podcast-proposal.html","BROKEN_LINK","regions/south-america.html","Target HTML file does not exist in workspace."
"quito-podcast-proposal.html","DUPLICATE_INTERNAL_LINK","about.html","Target linked 2 times on this page."
"quito-podcast-proposal.html","DUPLICATE_INTERNAL_LINK","podcasts.html","Target linked 2 times on this page."
"quito-podcast-proposal.html","DUPLICATE_INTERNAL_LINK","index.html","Target linked 2 times on this page."
"reykjavik-comparison.html","DUPLICATE_INTERNAL_LINK","index.html","Target linked 4 times on this page."
"reykjavik-comparison.html","DUPLICATE_INTERNAL_LINK","index2.html","Target linked 2 times on this page."
"reykjavik-comparison.html","DUPLICATE_INTERNAL_LINK","comparison.html","Target linked 3 times on this page."
"reykjavik-comparison.html","DUPLICATE_INTERNAL_LINK","podcasts.html","Target linked 2 times on this page."
"reykjavik-coworking-guide.html","DUPLICATE_INTERNAL_LINK","about.html","Target linked 2 times on this page."
"reykjavik-coworking-guide.html","DUPLICATE_INTERNAL_LINK","index2.html","Target linked 6 times on this page."
"reykjavik-coworking-guide.html","DUPLICATE_INTERNAL_LINK","comparison.html","Target linked 4 times on this page."
"reykjavik-coworking-guide.html","DUPLICATE_INTERNAL_LINK","index.html","Target linked 5 times on this page."
"reykjavik-podcast-proposal.html","DUPLICATE_INTERNAL_LINK","index.html","Target linked 5 times on this page."
"reykjavik-podcast-proposal.html","DUPLICATE_INTERNAL_LINK","index2.html","Target linked 2 times on this page."
"reykjavik-podcast-proposal.html","DUPLICATE_INTERNAL_LINK","comparison.html","Target linked 2 times on this page."
"reykjavik-podcast-proposal.html","DUPLICATE_INTERNAL_LINK","about.html","Target linked 2 times on this page."
"reykjavik-podcast-proposal.html","DUPLICATE_INTERNAL_LINK","podcasts.html","Target linked 3 times on this page."
"riga-comparison.html","DUPLICATE_INTERNAL_LINK","index.html","Target linked 4 times on this page."
"riga-comparison.html","DUPLICATE_INTERNAL_LINK","index2.html","Target linked 2 times on this page."
"riga-comparison.html","DUPLICATE_INTERNAL_LINK","comparison.html","Target linked 3 times on this page."
"riga-comparison.html","DUPLICATE_INTERNAL_LINK","podcasts.html","Target linked 2 times on this page."
"riga-coworking-guide.html","DUPLICATE_INTERNAL_LINK","about.html","Target linked 2 times on this page."
"riga-coworking-guide.html","DUPLICATE_INTERNAL_LINK","index2.html","Target linked 6 times on this page."
"riga-coworking-guide.html","DUPLICATE_INTERNAL_LINK","comparison.html","Target linked 4 times on this page."
"riga-coworking-guide.html","DUPLICATE_INTERNAL_LINK","index.html","Target linked 5 times on this page."
"riga-podcast-proposal.html","BROKEN_LINK","regions/uk-eastern-europe.html","Target HTML file does not exist in workspace."
"riga-podcast-proposal.html","DUPLICATE_INTERNAL_LINK","about.html","Target linked 2 times on this page."
"riga-podcast-proposal.html","DUPLICATE_INTERNAL_LINK","podcasts.html","Target linked 2 times on this page."
"riga-podcast-proposal.html","DUPLICATE_INTERNAL_LINK","index.html","Target linked 2 times on this page."
"rio-de-janeiro-comparison.html","DUPLICATE_INTERNAL_LINK","index.html","Target linked 4 times on this page."
"rio-de-janeiro-comparison.html","DUPLICATE_INTERNAL_LINK","index2.html","Target linked 2 times on this page."
"rio-de-janeiro-comparison.html","DUPLICATE_INTERNAL_LINK","comparison.html","Target linked 3 times on this page."
"rio-de-janeiro-comparison.html","DUPLICATE_INTERNAL_LINK","podcasts.html","Target linked 2 times on this page."
"rio-de-janeiro-coworking-guide.html","DUPLICATE_INTERNAL_LINK","about.html","Target linked 2 times on this page."
"rio-de-janeiro-coworking-guide.html","DUPLICATE_INTERNAL_LINK","index2.html","Target linked 6 times on this page."
"rio-de-janeiro-coworking-guide.html","DUPLICATE_INTERNAL_LINK","index.html","Target linked 5 times on this page."
"rio-de-janeiro-coworking-guide.html","DUPLICATE_INTERNAL_LINK","comparison.html","Target linked 4 times on this page."
"rio-de-janeiro-podcast-proposal.html","BROKEN_LINK","regions/south-america.html","Target HTML file does not exist in workspace."
"rio-de-janeiro-podcast-proposal.html","DUPLICATE_INTERNAL_LINK","about.html","Target linked 2 times on this page."
"rio-de-janeiro-podcast-proposal.html","DUPLICATE_INTERNAL_LINK","podcasts.html","Target linked 2 times on this page."
"rio-de-janeiro-podcast-proposal.html","DUPLICATE_INTERNAL_LINK","index.html","Target linked 2 times on this page."
"riyadh-comparison.html","DUPLICATE_INTERNAL_LINK","index.html","Target linked 4 times on this page."
"riyadh-comparison.html","DUPLICATE_INTERNAL_LINK","index2.html","Target linked 2 times on this page."
"riyadh-comparison.html","DUPLICATE_INTERNAL_LINK","comparison.html","Target linked 3 times on this page."
"riyadh-comparison.html","DUPLICATE_INTERNAL_LINK","podcasts.html","Target linked 2 times on this page."
"riyadh-coworking-guide.html","DUPLICATE_INTERNAL_LINK","about.html","Target linked 2 times on this page."
"riyadh-coworking-guide.html","DUPLICATE_INTERNAL_LINK","index2.html","Target linked 6 times on this page."
"riyadh-coworking-guide.html","DUPLICATE_INTERNAL_LINK","comparison.html","Target linked 4 times on this page."
"riyadh-coworking-guide.html","DUPLICATE_INTERNAL_LINK","index.html","Target linked 5 times on this page."
"riyadh-podcast-proposal.html","BROKEN_LINK","regions/middle-east.html","Target HTML file does not exist in workspace."
"riyadh-podcast-proposal.html","DUPLICATE_INTERNAL_LINK","about.html","Target linked 2 times on this page."
"riyadh-podcast-proposal.html","DUPLICATE_INTERNAL_LINK","podcasts.html","Target linked 2 times on this page."
"riyadh-podcast-proposal.html","DUPLICATE_INTERNAL_LINK","index.html","Target linked 2 times on this page."
"rome-comparison.html","DUPLICATE_INTERNAL_LINK","index.html","Target linked 4 times on this page."
"rome-comparison.html","DUPLICATE_INTERNAL_LINK","index2.html","Target linked 2 times on this page."
"rome-comparison.html","DUPLICATE_INTERNAL_LINK","comparison.html","Target linked 3 times on this page."
"rome-comparison.html","DUPLICATE_INTERNAL_LINK","podcasts.html","Target linked 2 times on this page."
"rome-coworking-guide.html","DUPLICATE_INTERNAL_LINK","about.html","Target linked 2 times on this page."
"rome-coworking-guide.html","DUPLICATE_INTERNAL_LINK","index2.html","Target linked 6 times on this page."
"rome-coworking-guide.html","DUPLICATE_INTERNAL_LINK","comparison.html","Target linked 4 times on this page."
"rome-coworking-guide.html","DUPLICATE_INTERNAL_LINK","index.html","Target linked 5 times on this page."
"rome-podcast-proposal.html","BROKEN_LINK","regions/western-europe.html","Target HTML file does not exist in workspace."
"rome-podcast-proposal.html","DUPLICATE_INTERNAL_LINK","about.html","Target linked 2 times on this page."
"rome-podcast-proposal.html","DUPLICATE_INTERNAL_LINK","podcasts.html","Target linked 2 times on this page."
"rome-podcast-proposal.html","DUPLICATE_INTERNAL_LINK","index.html","Target linked 2 times on this page."
"rotterdam-podcast-proposal.html","BROKEN_LINK","regions/western-europe.html","Target HTML file does not exist in workspace."
"rotterdam-podcast-proposal.html","DUPLICATE_INTERNAL_LINK","about.html","Target linked 2 times on this page."
"rotterdam-podcast-proposal.html","DUPLICATE_INTERNAL_LINK","podcasts.html","Target linked 2 times on this page."
"rotterdam-podcast-proposal.html","DUPLICATE_INTERNAL_LINK","index.html","Target linked 2 times on this page."
"sacramento-comparison.html","DUPLICATE_INTERNAL_LINK","index.html","Target linked 4 times on this page."
"sacramento-comparison.html","DUPLICATE_INTERNAL_LINK","index2.html","Target linked 2 times on this page."
"sacramento-comparison.html","DUPLICATE_INTERNAL_LINK","comparison.html","Target linked 3 times on this page."
"sacramento-comparison.html","DUPLICATE_INTERNAL_LINK","podcasts.html","Target linked 2 times on this page."
"sacramento-coworking-guide.html","DUPLICATE_INTERNAL_LINK","about.html","Target linked 2 times on this page."
"sacramento-coworking-guide.html","DUPLICATE_INTERNAL_LINK","index2.html","Target linked 6 times on this page."
"sacramento-coworking-guide.html","DUPLICATE_INTERNAL_LINK","comparison.html","Target linked 4 times on this page."
"sacramento-coworking-guide.html","DUPLICATE_INTERNAL_LINK","index.html","Target linked 5 times on this page."
"sacramento-podcast-proposal.html","DUPLICATE_INTERNAL_LINK","index.html","Target linked 5 times on this page."
"sacramento-podcast-proposal.html","DUPLICATE_INTERNAL_LINK","index2.html","Target linked 2 times on this page."
"sacramento-podcast-proposal.html","DUPLICATE_INTERNAL_LINK","comparison.html","Target linked 2 times on this page."
"sacramento-podcast-proposal.html","DUPLICATE_INTERNAL_LINK","about.html","Target linked 2 times on this page."
"sacramento-podcast-proposal.html","DUPLICATE_INTERNAL_LINK","podcasts.html","Target linked 3 times on this page."
"salalah-podcast-proposal.html","BROKEN_LINK","regions/middle-east.html","Target HTML file does not exist in workspace."
"salalah-podcast-proposal.html","DUPLICATE_INTERNAL_LINK","about.html","Target linked 2 times on this page."
"salalah-podcast-proposal.html","DUPLICATE_INTERNAL_LINK","podcasts.html","Target linked 2 times on this page."
"salalah-podcast-proposal.html","DUPLICATE_INTERNAL_LINK","index.html","Target linked 2 times on this page."
"salvador-podcast-proposal.html","BROKEN_LINK","regions/south-america.html","Target HTML file does not exist in workspace."
"salvador-podcast-proposal.html","DUPLICATE_INTERNAL_LINK","about.html","Target linked 2 times on this page."
"salvador-podcast-proposal.html","DUPLICATE_INTERNAL_LINK","podcasts.html","Target linked 2 times on this page."
"salvador-podcast-proposal.html","DUPLICATE_INTERNAL_LINK","index.html","Target linked 2 times on this page."
"samarkand-podcast-proposal.html","BROKEN_LINK","regions/central-asia.html","Target HTML file does not exist in workspace."
"samarkand-podcast-proposal.html","DUPLICATE_INTERNAL_LINK","about.html","Target linked 2 times on this page."
"samarkand-podcast-proposal.html","DUPLICATE_INTERNAL_LINK","index.html","Target linked 2 times on this page."
"samarkand-podcast-proposal.html","DUPLICATE_INTERNAL_LINK","podcasts.html","Target linked 2 times on this page."
"san-diego-comparison.html","DUPLICATE_INTERNAL_LINK","index.html","Target linked 4 times on this page."
"san-diego-comparison.html","DUPLICATE_INTERNAL_LINK","index2.html","Target linked 2 times on this page."
"san-diego-comparison.html","DUPLICATE_INTERNAL_LINK","comparison.html","Target linked 3 times on this page."
"san-diego-comparison.html","DUPLICATE_INTERNAL_LINK","podcasts.html","Target linked 2 times on this page."
"san-diego-coworking-guide.html","DUPLICATE_INTERNAL_LINK","about.html","Target linked 2 times on this page."
"san-diego-coworking-guide.html","DUPLICATE_INTERNAL_LINK","index2.html","Target linked 6 times on this page."
"san-diego-coworking-guide.html","DUPLICATE_INTERNAL_LINK","comparison.html","Target linked 4 times on this page."
"san-diego-coworking-guide.html","DUPLICATE_INTERNAL_LINK","index.html","Target linked 5 times on this page."
"san-diego-podcast-proposal.html","BROKEN_LINK","regions/north-america.html","Target HTML file does not exist in workspace."
"san-diego-podcast-proposal.html","DUPLICATE_INTERNAL_LINK","about.html","Target linked 2 times on this page."
"san-diego-podcast-proposal.html","DUPLICATE_INTERNAL_LINK","podcasts.html","Target linked 2 times on this page."
"san-diego-podcast-proposal.html","DUPLICATE_INTERNAL_LINK","index.html","Target linked 2 times on this page."
"san-francisco-comparison.html","DUPLICATE_INTERNAL_LINK","index.html","Target linked 4 times on this page."
"san-francisco-comparison.html","DUPLICATE_INTERNAL_LINK","index2.html","Target linked 2 times on this page."
"san-francisco-comparison.html","DUPLICATE_INTERNAL_LINK","comparison.html","Target linked 3 times on this page."
"san-francisco-comparison.html","DUPLICATE_INTERNAL_LINK","podcasts.html","Target linked 2 times on this page."
"san-francisco-coworking-guide.html","DUPLICATE_INTERNAL_LINK","about.html","Target linked 2 times on this page."
"san-francisco-coworking-guide.html","DUPLICATE_INTERNAL_LINK","index2.html","Target linked 6 times on this page."
"san-francisco-coworking-guide.html","DUPLICATE_INTERNAL_LINK","comparison.html","Target linked 4 times on this page."
"san-francisco-coworking-guide.html","DUPLICATE_INTERNAL_LINK","index.html","Target linked 5 times on this page."
"san-francisco-podcast-proposal.html","BROKEN_LINK","regions/north-america.html","Target HTML file does not exist in workspace."
"san-francisco-podcast-proposal.html","DUPLICATE_INTERNAL_LINK","about.html","Target linked 2 times on this page."
"san-francisco-podcast-proposal.html","DUPLICATE_INTERNAL_LINK","podcasts.html","Target linked 2 times on this page."
"san-francisco-podcast-proposal.html","DUPLICATE_INTERNAL_LINK","index.html","Target linked 2 times on this page."
"san-jose-comparison.html","DUPLICATE_INTERNAL_LINK","index.html","Target linked 4 times on this page."
"san-jose-comparison.html","DUPLICATE_INTERNAL_LINK","index2.html","Target linked 2 times on this page."
"san-jose-comparison.html","DUPLICATE_INTERNAL_LINK","comparison.html","Target linked 3 times on this page."
"san-jose-comparison.html","DUPLICATE_INTERNAL_LINK","podcasts.html","Target linked 2 times on this page."
"san-jose-coworking-guide.html","DUPLICATE_INTERNAL_LINK","about.html","Target linked 2 times on this page."
"san-jose-coworking-guide.html","DUPLICATE_INTERNAL_LINK","index2.html","Target linked 6 times on this page."
"san-jose-coworking-guide.html","DUPLICATE_INTERNAL_LINK","comparison.html","Target linked 4 times on this page."
"san-jose-coworking-guide.html","DUPLICATE_INTERNAL_LINK","index.html","Target linked 5 times on this page."
"san-jose-cr-podcast-proposal.html","BROKEN_LINK","regions/north-america.html","Target HTML file does not exist in workspace."
"san-jose-cr-podcast-proposal.html","DUPLICATE_INTERNAL_LINK","about.html","Target linked 2 times on this page."
"san-jose-cr-podcast-proposal.html","DUPLICATE_INTERNAL_LINK","podcasts.html","Target linked 2 times on this page."
"san-jose-cr-podcast-proposal.html","DUPLICATE_INTERNAL_LINK","index.html","Target linked 2 times on this page."
"san-jose-podcast-proposal.html","DUPLICATE_INTERNAL_LINK","index.html","Target linked 5 times on this page."
"san-jose-podcast-proposal.html","DUPLICATE_INTERNAL_LINK","index2.html","Target linked 2 times on this page."
"san-jose-podcast-proposal.html","DUPLICATE_INTERNAL_LINK","comparison.html","Target linked 2 times on this page."
"san-jose-podcast-proposal.html","DUPLICATE_INTERNAL_LINK","about.html","Target linked 2 times on this page."
"san-jose-podcast-proposal.html","DUPLICATE_INTERNAL_LINK","podcasts.html","Target linked 3 times on this page."
"san-juan-comparison.html","DUPLICATE_INTERNAL_LINK","index.html","Target linked 4 times on this page."
"san-juan-comparison.html","DUPLICATE_INTERNAL_LINK","index2.html","Target linked 2 times on this page."
"san-juan-comparison.html","DUPLICATE_INTERNAL_LINK","comparison.html","Target linked 3 times on this page."
"san-juan-comparison.html","DUPLICATE_INTERNAL_LINK","podcasts.html","Target linked 2 times on this page."
"san-juan-coworking-guide.html","DUPLICATE_INTERNAL_LINK","index.html","Target linked 5 times on this page."
"san-juan-coworking-guide.html","DUPLICATE_INTERNAL_LINK","index2.html","Target linked 6 times on this page."
"san-juan-coworking-guide.html","DUPLICATE_INTERNAL_LINK","bangkok-coworking-guide.html","Target linked 2 times on this page."
"san-juan-coworking-guide.html","DUPLICATE_INTERNAL_LINK","about.html","Target linked 2 times on this page."
"san-juan-coworking-guide.html","DUPLICATE_INTERNAL_LINK","comparison.html","Target linked 4 times on this page."
"san-juan-podcast-proposal.html","DUPLICATE_INTERNAL_LINK","index.html","Target linked 5 times on this page."
"san-juan-podcast-proposal.html","DUPLICATE_INTERNAL_LINK","index2.html","Target linked 2 times on this page."
"san-juan-podcast-proposal.html","DUPLICATE_INTERNAL_LINK","comparison.html","Target linked 2 times on this page."
"san-juan-podcast-proposal.html","DUPLICATE_INTERNAL_LINK","about.html","Target linked 2 times on this page."
"san-juan-podcast-proposal.html","DUPLICATE_INTERNAL_LINK","podcasts.html","Target linked 3 times on this page."
"san-salvador-comparison.html","DUPLICATE_INTERNAL_LINK","index.html","Target linked 4 times on this page."
"san-salvador-comparison.html","DUPLICATE_INTERNAL_LINK","index2.html","Target linked 2 times on this page."
"san-salvador-comparison.html","DUPLICATE_INTERNAL_LINK","comparison.html","Target linked 3 times on this page."
"san-salvador-comparison.html","DUPLICATE_INTERNAL_LINK","podcasts.html","Target linked 2 times on this page."
"san-salvador-coworking-guide.html","DUPLICATE_INTERNAL_LINK","about.html","Target linked 2 times on this page."
"san-salvador-coworking-guide.html","DUPLICATE_INTERNAL_LINK","index2.html","Target linked 6 times on this page."
"san-salvador-coworking-guide.html","DUPLICATE_INTERNAL_LINK","comparison.html","Target linked 4 times on this page."
"san-salvador-coworking-guide.html","DUPLICATE_INTERNAL_LINK","index.html","Target linked 5 times on this page."
"san-salvador-podcast-proposal.html","DUPLICATE_INTERNAL_LINK","index.html","Target linked 5 times on this page."
"san-salvador-podcast-proposal.html","DUPLICATE_INTERNAL_LINK","index2.html","Target linked 2 times on this page."
"san-salvador-podcast-proposal.html","DUPLICATE_INTERNAL_LINK","comparison.html","Target linked 2 times on this page."
"san-salvador-podcast-proposal.html","DUPLICATE_INTERNAL_LINK","about.html","Target linked 2 times on this page."
"san-salvador-podcast-proposal.html","DUPLICATE_INTERNAL_LINK","podcasts.html","Target linked 3 times on this page."
"santa-marta-podcast-proposal.html","BROKEN_LINK","regions/south-america.html","Target HTML file does not exist in workspace."
"santa-marta-podcast-proposal.html","DUPLICATE_INTERNAL_LINK","about.html","Target linked 2 times on this page."
"santa-marta-podcast-proposal.html","DUPLICATE_INTERNAL_LINK","podcasts.html","Target linked 2 times on this page."
"santa-marta-podcast-proposal.html","DUPLICATE_INTERNAL_LINK","index.html","Target linked 2 times on this page."
"santiago-comparison.html","DUPLICATE_INTERNAL_LINK","index.html","Target linked 4 times on this page."
"santiago-comparison.html","DUPLICATE_INTERNAL_LINK","index2.html","Target linked 2 times on this page."
"santiago-comparison.html","DUPLICATE_INTERNAL_LINK","comparison.html","Target linked 3 times on this page."
"santiago-comparison.html","DUPLICATE_INTERNAL_LINK","podcasts.html","Target linked 2 times on this page."
"santiago-coworking-guide.html","DUPLICATE_INTERNAL_LINK","index.html","Target linked 5 times on this page."
"santiago-coworking-guide.html","DUPLICATE_INTERNAL_LINK","index2.html","Target linked 6 times on this page."
"santiago-coworking-guide.html","DUPLICATE_INTERNAL_LINK","comparison.html","Target linked 4 times on this page."
"santiago-coworking-guide.html","DUPLICATE_INTERNAL_LINK","mexico-city-coworking-guide.html","Target linked 2 times on this page."
"santiago-coworking-guide.html","DUPLICATE_INTERNAL_LINK","buenos-aires-coworking-guide.html","Target linked 2 times on this page."
"santiago-podcast-proposal.html","BROKEN_LINK","regions/south-america.html","Target HTML file does not exist in workspace."
"santiago-podcast-proposal.html","DUPLICATE_INTERNAL_LINK","about.html","Target linked 2 times on this page."
"santiago-podcast-proposal.html","DUPLICATE_INTERNAL_LINK","podcasts.html","Target linked 2 times on this page."
"santiago-podcast-proposal.html","DUPLICATE_INTERNAL_LINK","index.html","Target linked 2 times on this page."
"santo-domingo-comparison.html","DUPLICATE_INTERNAL_LINK","index.html","Target linked 4 times on this page."
"santo-domingo-comparison.html","DUPLICATE_INTERNAL_LINK","index2.html","Target linked 2 times on this page."
"santo-domingo-comparison.html","DUPLICATE_INTERNAL_LINK","comparison.html","Target linked 3 times on this page."
"santo-domingo-comparison.html","DUPLICATE_INTERNAL_LINK","podcasts.html","Target linked 2 times on this page."
"santo-domingo-coworking-guide.html","DUPLICATE_INTERNAL_LINK","about.html","Target linked 2 times on this page."
"santo-domingo-coworking-guide.html","DUPLICATE_INTERNAL_LINK","index2.html","Target linked 6 times on this page."
"santo-domingo-coworking-guide.html","DUPLICATE_INTERNAL_LINK","comparison.html","Target linked 4 times on this page."
"santo-domingo-coworking-guide.html","DUPLICATE_INTERNAL_LINK","index.html","Target linked 5 times on this page."
"santo-domingo-podcast-proposal.html","DUPLICATE_INTERNAL_LINK","index.html","Target linked 5 times on this page."
"santo-domingo-podcast-proposal.html","DUPLICATE_INTERNAL_LINK","index2.html","Target linked 2 times on this page."
"santo-domingo-podcast-proposal.html","DUPLICATE_INTERNAL_LINK","comparison.html","Target linked 2 times on this page."
"santo-domingo-podcast-proposal.html","DUPLICATE_INTERNAL_LINK","about.html","Target linked 2 times on this page."
"santo-domingo-podcast-proposal.html","DUPLICATE_INTERNAL_LINK","podcasts.html","Target linked 3 times on this page."
"sao-paulo-comparison.html","DUPLICATE_INTERNAL_LINK","index.html","Target linked 4 times on this page."
"sao-paulo-comparison.html","DUPLICATE_INTERNAL_LINK","index2.html","Target linked 2 times on this page."
"sao-paulo-comparison.html","DUPLICATE_INTERNAL_LINK","comparison.html","Target linked 3 times on this page."
"sao-paulo-comparison.html","DUPLICATE_INTERNAL_LINK","podcasts.html","Target linked 2 times on this page."
"sao-paulo-coworking-guide.html","DUPLICATE_INTERNAL_LINK","about.html","Target linked 2 times on this page."
"sao-paulo-coworking-guide.html","DUPLICATE_INTERNAL_LINK","index2.html","Target linked 6 times on this page."
"sao-paulo-coworking-guide.html","DUPLICATE_INTERNAL_LINK","index.html","Target linked 5 times on this page."
"sao-paulo-coworking-guide.html","DUPLICATE_INTERNAL_LINK","comparison.html","Target linked 4 times on this page."
"sao-paulo-podcast-proposal.html","BROKEN_LINK","regions/south-america.html","Target HTML file does not exist in workspace."
"sao-paulo-podcast-proposal.html","DUPLICATE_INTERNAL_LINK","about.html","Target linked 2 times on this page."
"sao-paulo-podcast-proposal.html","DUPLICATE_INTERNAL_LINK","podcasts.html","Target linked 2 times on this page."
"sao-paulo-podcast-proposal.html","DUPLICATE_INTERNAL_LINK","index.html","Target linked 2 times on this page."
"sapporo-podcast-proposal.html","BROKEN_LINK","regions/east-asia.html","Target HTML file does not exist in workspace."
"sapporo-podcast-proposal.html","DUPLICATE_INTERNAL_LINK","about.html","Target linked 2 times on this page."
"sapporo-podcast-proposal.html","DUPLICATE_INTERNAL_LINK","podcasts.html","Target linked 2 times on this page."
"sapporo-podcast-proposal.html","DUPLICATE_INTERNAL_LINK","index.html","Target linked 2 times on this page."
"sarajevo-comparison.html","DUPLICATE_INTERNAL_LINK","index.html","Target linked 4 times on this page."
"sarajevo-comparison.html","DUPLICATE_INTERNAL_LINK","index2.html","Target linked 2 times on this page."
"sarajevo-comparison.html","DUPLICATE_INTERNAL_LINK","comparison.html","Target linked 3 times on this page."
"sarajevo-comparison.html","DUPLICATE_INTERNAL_LINK","podcasts.html","Target linked 2 times on this page."
"sarajevo-coworking-guide.html","DUPLICATE_INTERNAL_LINK","about.html","Target linked 2 times on this page."
"sarajevo-coworking-guide.html","DUPLICATE_INTERNAL_LINK","index2.html","Target linked 6 times on this page."
"sarajevo-coworking-guide.html","DUPLICATE_INTERNAL_LINK","comparison.html","Target linked 4 times on this page."
"sarajevo-coworking-guide.html","DUPLICATE_INTERNAL_LINK","index.html","Target linked 5 times on this page."
"sarajevo-podcast-proposal.html","BROKEN_LINK","regions/uk-eastern-europe.html","Target HTML file does not exist in workspace."
"sarajevo-podcast-proposal.html","DUPLICATE_INTERNAL_LINK","about.html","Target linked 2 times on this page."
"sarajevo-podcast-proposal.html","DUPLICATE_INTERNAL_LINK","podcasts.html","Target linked 2 times on this page."
"sarajevo-podcast-proposal.html","DUPLICATE_INTERNAL_LINK","index.html","Target linked 2 times on this page."
"seattle-comparison.html","DUPLICATE_INTERNAL_LINK","index.html","Target linked 4 times on this page."
"seattle-comparison.html","DUPLICATE_INTERNAL_LINK","index2.html","Target linked 2 times on this page."
"seattle-comparison.html","DUPLICATE_INTERNAL_LINK","comparison.html","Target linked 3 times on this page."
"seattle-comparison.html","DUPLICATE_INTERNAL_LINK","podcasts.html","Target linked 2 times on this page."
"seattle-coworking-guide.html","DUPLICATE_INTERNAL_LINK","about.html","Target linked 2 times on this page."
"seattle-coworking-guide.html","DUPLICATE_INTERNAL_LINK","index2.html","Target linked 6 times on this page."
"seattle-coworking-guide.html","DUPLICATE_INTERNAL_LINK","comparison.html","Target linked 4 times on this page."
"seattle-coworking-guide.html","DUPLICATE_INTERNAL_LINK","index.html","Target linked 5 times on this page."
"seattle-podcast-proposal.html","BROKEN_LINK","regions/north-america.html","Target HTML file does not exist in workspace."
"seattle-podcast-proposal.html","DUPLICATE_INTERNAL_LINK","about.html","Target linked 2 times on this page."
"seattle-podcast-proposal.html","DUPLICATE_INTERNAL_LINK","podcasts.html","Target linked 2 times on this page."
"seattle-podcast-proposal.html","DUPLICATE_INTERNAL_LINK","index.html","Target linked 2 times on this page."
"seoul-comparison.html","DUPLICATE_INTERNAL_LINK","index.html","Target linked 4 times on this page."
"seoul-comparison.html","DUPLICATE_INTERNAL_LINK","index2.html","Target linked 2 times on this page."
"seoul-comparison.html","DUPLICATE_INTERNAL_LINK","comparison.html","Target linked 3 times on this page."
"seoul-comparison.html","DUPLICATE_INTERNAL_LINK","podcasts.html","Target linked 2 times on this page."
"seoul-coworking-guide.html","DUPLICATE_INTERNAL_LINK","index.html","Target linked 5 times on this page."
"seoul-coworking-guide.html","DUPLICATE_INTERNAL_LINK","index2.html","Target linked 6 times on this page."
"seoul-coworking-guide.html","DUPLICATE_INTERNAL_LINK","bangkok-coworking-guide.html","Target linked 2 times on this page."
"seoul-coworking-guide.html","DUPLICATE_INTERNAL_LINK","about.html","Target linked 2 times on this page."
"seoul-coworking-guide.html","DUPLICATE_INTERNAL_LINK","comparison.html","Target linked 4 times on this page."
"seoul-podcast-proposal.html","BROKEN_LINK","regions/east-asia.html","Target HTML file does not exist in workspace."
"seoul-podcast-proposal.html","DUPLICATE_INTERNAL_LINK","about.html","Target linked 2 times on this page."
"seoul-podcast-proposal.html","DUPLICATE_INTERNAL_LINK","podcasts.html","Target linked 2 times on this page."
"seoul-podcast-proposal.html","DUPLICATE_INTERNAL_LINK","index.html","Target linked 2 times on this page."
"seville-podcast-proposal.html","BROKEN_LINK","regions/western-europe.html","Target HTML file does not exist in workspace."
"seville-podcast-proposal.html","DUPLICATE_INTERNAL_LINK","about.html","Target linked 2 times on this page."
"seville-podcast-proposal.html","DUPLICATE_INTERNAL_LINK","podcasts.html","Target linked 2 times on this page."
"seville-podcast-proposal.html","DUPLICATE_INTERNAL_LINK","index.html","Target linked 2 times on this page."
"shanghai-comparison.html","DUPLICATE_INTERNAL_LINK","index.html","Target linked 4 times on this page."
"shanghai-comparison.html","DUPLICATE_INTERNAL_LINK","index2.html","Target linked 2 times on this page."
"shanghai-comparison.html","DUPLICATE_INTERNAL_LINK","comparison.html","Target linked 3 times on this page."
"shanghai-comparison.html","DUPLICATE_INTERNAL_LINK","podcasts.html","Target linked 2 times on this page."
"shanghai-coworking-guide.html","DUPLICATE_INTERNAL_LINK","about.html","Target linked 2 times on this page."
"shanghai-coworking-guide.html","DUPLICATE_INTERNAL_LINK","index2.html","Target linked 6 times on this page."
"shanghai-coworking-guide.html","DUPLICATE_INTERNAL_LINK","comparison.html","Target linked 4 times on this page."
"shanghai-coworking-guide.html","DUPLICATE_INTERNAL_LINK","index.html","Target linked 5 times on this page."
"shanghai-podcast-proposal.html","BROKEN_LINK","regions/east-asia.html","Target HTML file does not exist in workspace."
"shanghai-podcast-proposal.html","DUPLICATE_INTERNAL_LINK","about.html","Target linked 2 times on this page."
"shanghai-podcast-proposal.html","DUPLICATE_INTERNAL_LINK","podcasts.html","Target linked 2 times on this page."
"shanghai-podcast-proposal.html","DUPLICATE_INTERNAL_LINK","index.html","Target linked 2 times on this page."
"sharjah-podcast-proposal.html","BROKEN_LINK","regions/middle-east.html","Target HTML file does not exist in workspace."
"sharjah-podcast-proposal.html","DUPLICATE_INTERNAL_LINK","about.html","Target linked 2 times on this page."
"sharjah-podcast-proposal.html","DUPLICATE_INTERNAL_LINK","podcasts.html","Target linked 2 times on this page."
"sharjah-podcast-proposal.html","DUPLICATE_INTERNAL_LINK","index.html","Target linked 2 times on this page."
"sheffield-comparison.html","DUPLICATE_INTERNAL_LINK","index.html","Target linked 4 times on this page."
"sheffield-comparison.html","DUPLICATE_INTERNAL_LINK","index2.html","Target linked 2 times on this page."
"sheffield-comparison.html","DUPLICATE_INTERNAL_LINK","comparison.html","Target linked 3 times on this page."
"sheffield-comparison.html","DUPLICATE_INTERNAL_LINK","podcasts.html","Target linked 2 times on this page."
"sheffield-coworking-guide.html","DUPLICATE_INTERNAL_LINK","about.html","Target linked 2 times on this page."
"sheffield-coworking-guide.html","DUPLICATE_INTERNAL_LINK","index2.html","Target linked 6 times on this page."
"sheffield-coworking-guide.html","DUPLICATE_INTERNAL_LINK","comparison.html","Target linked 4 times on this page."
"sheffield-coworking-guide.html","DUPLICATE_INTERNAL_LINK","index.html","Target linked 5 times on this page."
"sheffield-podcast-proposal.html","DUPLICATE_INTERNAL_LINK","index.html","Target linked 5 times on this page."
"sheffield-podcast-proposal.html","DUPLICATE_INTERNAL_LINK","index2.html","Target linked 2 times on this page."
"sheffield-podcast-proposal.html","DUPLICATE_INTERNAL_LINK","comparison.html","Target linked 2 times on this page."
"sheffield-podcast-proposal.html","DUPLICATE_INTERNAL_LINK","about.html","Target linked 2 times on this page."
"sheffield-podcast-proposal.html","DUPLICATE_INTERNAL_LINK","podcasts.html","Target linked 3 times on this page."
"shenzhen-podcast-proposal.html","BROKEN_LINK","regions/east-asia.html","Target HTML file does not exist in workspace."
"shenzhen-podcast-proposal.html","DUPLICATE_INTERNAL_LINK","about.html","Target linked 2 times on this page."
"shenzhen-podcast-proposal.html","DUPLICATE_INTERNAL_LINK","podcasts.html","Target linked 2 times on this page."
"shenzhen-podcast-proposal.html","DUPLICATE_INTERNAL_LINK","index.html","Target linked 2 times on this page."
"singapore-comparison.html","DUPLICATE_INTERNAL_LINK","index.html","Target linked 4 times on this page."
"singapore-comparison.html","DUPLICATE_INTERNAL_LINK","index2.html","Target linked 2 times on this page."
"singapore-comparison.html","DUPLICATE_INTERNAL_LINK","podcasts.html","Target linked 2 times on this page."
"singapore-comparison.html","DUPLICATE_INTERNAL_LINK","comparison.html","Target linked 3 times on this page."
"singapore-coworking-guide.html","DUPLICATE_INTERNAL_LINK","about.html","Target linked 2 times on this page."
"singapore-coworking-guide.html","DUPLICATE_INTERNAL_LINK","tokyo-coworking-guide.html","Target linked 2 times on this page."
"singapore-coworking-guide.html","DUPLICATE_INTERNAL_LINK","index2.html","Target linked 6 times on this page."
"singapore-coworking-guide.html","DUPLICATE_INTERNAL_LINK","comparison.html","Target linked 4 times on this page."
"singapore-coworking-guide.html","DUPLICATE_INTERNAL_LINK","index.html","Target linked 5 times on this page."
"singapore-podcast-proposal.html","BROKEN_LINK","regions/southeast-asia.html","Target HTML file does not exist in workspace."
"singapore-podcast-proposal.html","DUPLICATE_INTERNAL_LINK","about.html","Target linked 2 times on this page."
"singapore-podcast-proposal.html","DUPLICATE_INTERNAL_LINK","podcasts.html","Target linked 2 times on this page."
"singapore-podcast-proposal.html","DUPLICATE_INTERNAL_LINK","index.html","Target linked 2 times on this page."
"skopje-comparison.html","DUPLICATE_INTERNAL_LINK","index.html","Target linked 4 times on this page."
"skopje-comparison.html","DUPLICATE_INTERNAL_LINK","index2.html","Target linked 2 times on this page."
"skopje-comparison.html","DUPLICATE_INTERNAL_LINK","comparison.html","Target linked 3 times on this page."
"skopje-comparison.html","DUPLICATE_INTERNAL_LINK","podcasts.html","Target linked 2 times on this page."
"skopje-coworking-guide.html","DUPLICATE_INTERNAL_LINK","about.html","Target linked 2 times on this page."
"skopje-coworking-guide.html","DUPLICATE_INTERNAL_LINK","index2.html","Target linked 6 times on this page."
"skopje-coworking-guide.html","DUPLICATE_INTERNAL_LINK","comparison.html","Target linked 4 times on this page."
"skopje-coworking-guide.html","DUPLICATE_INTERNAL_LINK","index.html","Target linked 5 times on this page."
"skopje-podcast-proposal.html","BROKEN_LINK","regions/uk-eastern-europe.html","Target HTML file does not exist in workspace."
"skopje-podcast-proposal.html","DUPLICATE_INTERNAL_LINK","about.html","Target linked 2 times on this page."
"skopje-podcast-proposal.html","DUPLICATE_INTERNAL_LINK","podcasts.html","Target linked 2 times on this page."
"skopje-podcast-proposal.html","DUPLICATE_INTERNAL_LINK","index.html","Target linked 2 times on this page."
"sofia-podcast-proposal.html","BROKEN_LINK","regions/uk-eastern-europe.html","Target HTML file does not exist in workspace."
"sofia-podcast-proposal.html","DUPLICATE_INTERNAL_LINK","about.html","Target linked 2 times on this page."
"sofia-podcast-proposal.html","DUPLICATE_INTERNAL_LINK","podcasts.html","Target linked 2 times on this page."
"sofia-podcast-proposal.html","DUPLICATE_INTERNAL_LINK","index.html","Target linked 2 times on this page."
"split-podcast-proposal.html","BROKEN_LINK","regions/western-europe.html","Target HTML file does not exist in workspace."
"split-podcast-proposal.html","DUPLICATE_INTERNAL_LINK","about.html","Target linked 2 times on this page."
"split-podcast-proposal.html","DUPLICATE_INTERNAL_LINK","podcasts.html","Target linked 2 times on this page."
"split-podcast-proposal.html","DUPLICATE_INTERNAL_LINK","index.html","Target linked 2 times on this page."
"st-petersburg-comparison.html","DUPLICATE_INTERNAL_LINK","index.html","Target linked 4 times on this page."
"st-petersburg-comparison.html","DUPLICATE_INTERNAL_LINK","index2.html","Target linked 2 times on this page."
"st-petersburg-comparison.html","DUPLICATE_INTERNAL_LINK","comparison.html","Target linked 3 times on this page."
"st-petersburg-comparison.html","DUPLICATE_INTERNAL_LINK","podcasts.html","Target linked 2 times on this page."
"st-petersburg-coworking-guide.html","DUPLICATE_INTERNAL_LINK","about.html","Target linked 2 times on this page."
"st-petersburg-coworking-guide.html","DUPLICATE_INTERNAL_LINK","index2.html","Target linked 6 times on this page."
"st-petersburg-coworking-guide.html","DUPLICATE_INTERNAL_LINK","comparison.html","Target linked 4 times on this page."
"st-petersburg-coworking-guide.html","DUPLICATE_INTERNAL_LINK","index.html","Target linked 5 times on this page."
"st-petersburg-podcast-proposal.html","DUPLICATE_INTERNAL_LINK","index.html","Target linked 5 times on this page."
"st-petersburg-podcast-proposal.html","DUPLICATE_INTERNAL_LINK","index2.html","Target linked 2 times on this page."
"st-petersburg-podcast-proposal.html","DUPLICATE_INTERNAL_LINK","comparison.html","Target linked 2 times on this page."
"st-petersburg-podcast-proposal.html","DUPLICATE_INTERNAL_LINK","about.html","Target linked 2 times on this page."
"st-petersburg-podcast-proposal.html","DUPLICATE_INTERNAL_LINK","podcasts.html","Target linked 3 times on this page."
"stockholm-comparison.html","DUPLICATE_INTERNAL_LINK","index.html","Target linked 4 times on this page."
"stockholm-comparison.html","DUPLICATE_INTERNAL_LINK","index2.html","Target linked 2 times on this page."
"stockholm-comparison.html","DUPLICATE_INTERNAL_LINK","comparison.html","Target linked 3 times on this page."
"stockholm-comparison.html","DUPLICATE_INTERNAL_LINK","podcasts.html","Target linked 2 times on this page."
"stockholm-coworking-guide.html","DUPLICATE_INTERNAL_LINK","about.html","Target linked 2 times on this page."
"stockholm-coworking-guide.html","DUPLICATE_INTERNAL_LINK","index2.html","Target linked 6 times on this page."
"stockholm-coworking-guide.html","DUPLICATE_INTERNAL_LINK","comparison.html","Target linked 4 times on this page."
"stockholm-coworking-guide.html","DUPLICATE_INTERNAL_LINK","index.html","Target linked 5 times on this page."
"stockholm-podcast-proposal.html","DUPLICATE_INTERNAL_LINK","index.html","Target linked 5 times on this page."
"stockholm-podcast-proposal.html","DUPLICATE_INTERNAL_LINK","index2.html","Target linked 2 times on this page."
"stockholm-podcast-proposal.html","DUPLICATE_INTERNAL_LINK","comparison.html","Target linked 2 times on this page."
"stockholm-podcast-proposal.html","DUPLICATE_INTERNAL_LINK","about.html","Target linked 2 times on this page."
"stockholm-podcast-proposal.html","DUPLICATE_INTERNAL_LINK","podcasts.html","Target linked 3 times on this page."
"stuttgart-comparison.html","DUPLICATE_INTERNAL_LINK","index.html","Target linked 4 times on this page."
"stuttgart-comparison.html","DUPLICATE_INTERNAL_LINK","index2.html","Target linked 2 times on this page."
"stuttgart-comparison.html","DUPLICATE_INTERNAL_LINK","comparison.html","Target linked 3 times on this page."
"stuttgart-comparison.html","DUPLICATE_INTERNAL_LINK","podcasts.html","Target linked 2 times on this page."
"stuttgart-coworking-guide.html","DUPLICATE_INTERNAL_LINK","about.html","Target linked 2 times on this page."
"stuttgart-coworking-guide.html","DUPLICATE_INTERNAL_LINK","index2.html","Target linked 6 times on this page."
"stuttgart-coworking-guide.html","DUPLICATE_INTERNAL_LINK","comparison.html","Target linked 4 times on this page."
"stuttgart-coworking-guide.html","DUPLICATE_INTERNAL_LINK","index.html","Target linked 5 times on this page."
"stuttgart-podcast-proposal.html","DUPLICATE_INTERNAL_LINK","index.html","Target linked 5 times on this page."
"stuttgart-podcast-proposal.html","DUPLICATE_INTERNAL_LINK","index2.html","Target linked 2 times on this page."
"stuttgart-podcast-proposal.html","DUPLICATE_INTERNAL_LINK","comparison.html","Target linked 2 times on this page."
"stuttgart-podcast-proposal.html","DUPLICATE_INTERNAL_LINK","about.html","Target linked 2 times on this page."
"stuttgart-podcast-proposal.html","DUPLICATE_INTERNAL_LINK","podcasts.html","Target linked 3 times on this page."
"surrey-comparison.html","DUPLICATE_INTERNAL_LINK","index.html","Target linked 4 times on this page."
"surrey-comparison.html","DUPLICATE_INTERNAL_LINK","index2.html","Target linked 2 times on this page."
"surrey-comparison.html","DUPLICATE_INTERNAL_LINK","comparison.html","Target linked 3 times on this page."
"surrey-comparison.html","DUPLICATE_INTERNAL_LINK","podcasts.html","Target linked 2 times on this page."
"surrey-coworking-guide.html","DUPLICATE_INTERNAL_LINK","about.html","Target linked 2 times on this page."
"surrey-coworking-guide.html","DUPLICATE_INTERNAL_LINK","index2.html","Target linked 6 times on this page."
"surrey-coworking-guide.html","DUPLICATE_INTERNAL_LINK","comparison.html","Target linked 4 times on this page."
"surrey-coworking-guide.html","DUPLICATE_INTERNAL_LINK","index.html","Target linked 5 times on this page."
"surrey-podcast-proposal.html","DUPLICATE_INTERNAL_LINK","index.html","Target linked 5 times on this page."
"surrey-podcast-proposal.html","DUPLICATE_INTERNAL_LINK","index2.html","Target linked 2 times on this page."
"surrey-podcast-proposal.html","DUPLICATE_INTERNAL_LINK","comparison.html","Target linked 2 times on this page."
"surrey-podcast-proposal.html","DUPLICATE_INTERNAL_LINK","about.html","Target linked 2 times on this page."
"surrey-podcast-proposal.html","DUPLICATE_INTERNAL_LINK","podcasts.html","Target linked 3 times on this page."
"sydney-comparison.html","DUPLICATE_INTERNAL_LINK","index.html","Target linked 4 times on this page."
"sydney-comparison.html","DUPLICATE_INTERNAL_LINK","index2.html","Target linked 2 times on this page."
"sydney-comparison.html","DUPLICATE_INTERNAL_LINK","comparison.html","Target linked 3 times on this page."
"sydney-comparison.html","DUPLICATE_INTERNAL_LINK","podcasts.html","Target linked 2 times on this page."
"sydney-coworking-guide.html","DUPLICATE_INTERNAL_LINK","about.html","Target linked 2 times on this page."
"sydney-coworking-guide.html","DUPLICATE_INTERNAL_LINK","index2.html","Target linked 6 times on this page."
"sydney-coworking-guide.html","DUPLICATE_INTERNAL_LINK","comparison.html","Target linked 4 times on this page."
"sydney-coworking-guide.html","DUPLICATE_INTERNAL_LINK","index.html","Target linked 5 times on this page."
"sydney-podcast-proposal.html","DUPLICATE_INTERNAL_LINK","index.html","Target linked 5 times on this page."
"sydney-podcast-proposal.html","DUPLICATE_INTERNAL_LINK","index2.html","Target linked 2 times on this page."
"sydney-podcast-proposal.html","DUPLICATE_INTERNAL_LINK","comparison.html","Target linked 2 times on this page."
"sydney-podcast-proposal.html","DUPLICATE_INTERNAL_LINK","about.html","Target linked 2 times on this page."
"sydney-podcast-proposal.html","DUPLICATE_INTERNAL_LINK","podcasts.html","Target linked 3 times on this page."
"taghazout-podcast-proposal.html","BROKEN_LINK","regions/africa.html","Target HTML file does not exist in workspace."
"taghazout-podcast-proposal.html","DUPLICATE_INTERNAL_LINK","about.html","Target linked 2 times on this page."
"taghazout-podcast-proposal.html","DUPLICATE_INTERNAL_LINK","index.html","Target linked 2 times on this page."
"taghazout-podcast-proposal.html","DUPLICATE_INTERNAL_LINK","podcasts.html","Target linked 2 times on this page."
"taichung-podcast-proposal.html","BROKEN_LINK","regions/east-asia.html","Target HTML file does not exist in workspace."
"taichung-podcast-proposal.html","DUPLICATE_INTERNAL_LINK","about.html","Target linked 2 times on this page."
"taichung-podcast-proposal.html","DUPLICATE_INTERNAL_LINK","podcasts.html","Target linked 2 times on this page."
"taichung-podcast-proposal.html","DUPLICATE_INTERNAL_LINK","index.html","Target linked 2 times on this page."
"taipei-comparison.html","DUPLICATE_INTERNAL_LINK","index.html","Target linked 4 times on this page."
"taipei-comparison.html","DUPLICATE_INTERNAL_LINK","index2.html","Target linked 2 times on this page."
"taipei-comparison.html","DUPLICATE_INTERNAL_LINK","comparison.html","Target linked 3 times on this page."
"taipei-comparison.html","DUPLICATE_INTERNAL_LINK","podcasts.html","Target linked 2 times on this page."
"taipei-coworking-guide.html","DUPLICATE_INTERNAL_LINK","about.html","Target linked 2 times on this page."
"taipei-coworking-guide.html","DUPLICATE_INTERNAL_LINK","index2.html","Target linked 6 times on this page."
"taipei-coworking-guide.html","DUPLICATE_INTERNAL_LINK","comparison.html","Target linked 4 times on this page."
"taipei-coworking-guide.html","DUPLICATE_INTERNAL_LINK","index.html","Target linked 5 times on this page."
"taipei-podcast-proposal.html","BROKEN_LINK","regions/east-asia.html","Target HTML file does not exist in workspace."
"taipei-podcast-proposal.html","DUPLICATE_INTERNAL_LINK","about.html","Target linked 2 times on this page."
"taipei-podcast-proposal.html","DUPLICATE_INTERNAL_LINK","podcasts.html","Target linked 2 times on this page."
"taipei-podcast-proposal.html","DUPLICATE_INTERNAL_LINK","index.html","Target linked 2 times on this page."
"tallinn-comparison.html","DUPLICATE_INTERNAL_LINK","index.html","Target linked 4 times on this page."
"tallinn-comparison.html","DUPLICATE_INTERNAL_LINK","index2.html","Target linked 2 times on this page."
"tallinn-comparison.html","DUPLICATE_INTERNAL_LINK","comparison.html","Target linked 3 times on this page."
"tallinn-comparison.html","DUPLICATE_INTERNAL_LINK","podcasts.html","Target linked 2 times on this page."
"tallinn-coworking-guide.html","DUPLICATE_INTERNAL_LINK","index.html","Target linked 5 times on this page."
"tallinn-coworking-guide.html","DUPLICATE_INTERNAL_LINK","index2.html","Target linked 6 times on this page."
"tallinn-coworking-guide.html","DUPLICATE_INTERNAL_LINK","comparison.html","Target linked 4 times on this page."
"tallinn-podcast-proposal.html","BROKEN_LINK","regions/uk-eastern-europe.html","Target HTML file does not exist in workspace."
"tallinn-podcast-proposal.html","DUPLICATE_INTERNAL_LINK","about.html","Target linked 2 times on this page."
"tallinn-podcast-proposal.html","DUPLICATE_INTERNAL_LINK","podcasts.html","Target linked 2 times on this page."
"tallinn-podcast-proposal.html","DUPLICATE_INTERNAL_LINK","index.html","Target linked 2 times on this page."
"tartu-podcast-proposal.html","BROKEN_LINK","regions/uk-eastern-europe.html","Target HTML file does not exist in workspace."
"tartu-podcast-proposal.html","DUPLICATE_INTERNAL_LINK","about.html","Target linked 2 times on this page."
"tartu-podcast-proposal.html","DUPLICATE_INTERNAL_LINK","podcasts.html","Target linked 2 times on this page."
"tartu-podcast-proposal.html","DUPLICATE_INTERNAL_LINK","index.html","Target linked 2 times on this page."
"tashkent-comparison.html","DUPLICATE_INTERNAL_LINK","index.html","Target linked 4 times on this page."
"tashkent-comparison.html","DUPLICATE_INTERNAL_LINK","index2.html","Target linked 2 times on this page."
"tashkent-comparison.html","DUPLICATE_INTERNAL_LINK","comparison.html","Target linked 3 times on this page."
"tashkent-comparison.html","DUPLICATE_INTERNAL_LINK","podcasts.html","Target linked 2 times on this page."
"tashkent-coworking-guide.html","DUPLICATE_INTERNAL_LINK","index2.html","Target linked 6 times on this page."
"tashkent-coworking-guide.html","DUPLICATE_INTERNAL_LINK","bangkok-coworking-guide.html","Target linked 2 times on this page."
"tashkent-coworking-guide.html","DUPLICATE_INTERNAL_LINK","index.html","Target linked 5 times on this page."
"tashkent-coworking-guide.html","DUPLICATE_INTERNAL_LINK","comparison.html","Target linked 4 times on this page."
"tashkent-coworking-guide.html","DUPLICATE_INTERNAL_LINK","about.html","Target linked 2 times on this page."
"tashkent-podcast-proposal.html","BROKEN_LINK","regions/central-asia.html","Target HTML file does not exist in workspace."
"tashkent-podcast-proposal.html","DUPLICATE_INTERNAL_LINK","about.html","Target linked 2 times on this page."
"tashkent-podcast-proposal.html","DUPLICATE_INTERNAL_LINK","index.html","Target linked 2 times on this page."
"tashkent-podcast-proposal.html","DUPLICATE_INTERNAL_LINK","podcasts.html","Target linked 2 times on this page."
"tbilisi-comparison.html","DUPLICATE_INTERNAL_LINK","index.html","Target linked 4 times on this page."
"tbilisi-comparison.html","DUPLICATE_INTERNAL_LINK","index2.html","Target linked 2 times on this page."
"tbilisi-comparison.html","DUPLICATE_INTERNAL_LINK","comparison.html","Target linked 3 times on this page."
"tbilisi-comparison.html","DUPLICATE_INTERNAL_LINK","podcasts.html","Target linked 2 times on this page."
"tbilisi-coworking-guide.html","DUPLICATE_INTERNAL_LINK","index.html","Target linked 5 times on this page."
"tbilisi-coworking-guide.html","DUPLICATE_INTERNAL_LINK","index2.html","Target linked 6 times on this page."
"tbilisi-coworking-guide.html","DUPLICATE_INTERNAL_LINK","comparison.html","Target linked 4 times on this page."
"tbilisi-podcast-proposal.html","BROKEN_LINK","regions/central-asia.html","Target HTML file does not exist in workspace."
"tbilisi-podcast-proposal.html","DUPLICATE_INTERNAL_LINK","about.html","Target linked 2 times on this page."
"tbilisi-podcast-proposal.html","DUPLICATE_INTERNAL_LINK","index.html","Target linked 2 times on this page."
"tbilisi-podcast-proposal.html","DUPLICATE_INTERNAL_LINK","podcasts.html","Target linked 2 times on this page."
"tel-aviv-comparison.html","DUPLICATE_INTERNAL_LINK","index.html","Target linked 4 times on this page."
"tel-aviv-comparison.html","DUPLICATE_INTERNAL_LINK","index2.html","Target linked 2 times on this page."
"tel-aviv-comparison.html","DUPLICATE_INTERNAL_LINK","comparison.html","Target linked 3 times on this page."
"tel-aviv-comparison.html","DUPLICATE_INTERNAL_LINK","podcasts.html","Target linked 2 times on this page."
"tel-aviv-coworking-guide.html","DUPLICATE_INTERNAL_LINK","about.html","Target linked 2 times on this page."
"tel-aviv-coworking-guide.html","DUPLICATE_INTERNAL_LINK","index2.html","Target linked 6 times on this page."
"tel-aviv-coworking-guide.html","DUPLICATE_INTERNAL_LINK","comparison.html","Target linked 4 times on this page."
"tel-aviv-coworking-guide.html","DUPLICATE_INTERNAL_LINK","index.html","Target linked 5 times on this page."
"tel-aviv-podcast-proposal.html","BROKEN_LINK","regions/middle-east.html","Target HTML file does not exist in workspace."
"tel-aviv-podcast-proposal.html","DUPLICATE_INTERNAL_LINK","about.html","Target linked 2 times on this page."
"tel-aviv-podcast-proposal.html","DUPLICATE_INTERNAL_LINK","podcasts.html","Target linked 2 times on this page."
"tel-aviv-podcast-proposal.html","DUPLICATE_INTERNAL_LINK","index.html","Target linked 2 times on this page."
"thimphu-podcast-proposal.html","BROKEN_LINK","regions/south-asia.html","Target HTML file does not exist in workspace."
"thimphu-podcast-proposal.html","DUPLICATE_INTERNAL_LINK","about.html","Target linked 2 times on this page."
"thimphu-podcast-proposal.html","DUPLICATE_INTERNAL_LINK","index.html","Target linked 2 times on this page."
"thimphu-podcast-proposal.html","DUPLICATE_INTERNAL_LINK","podcasts.html","Target linked 2 times on this page."
"tijuana-comparison.html","DUPLICATE_INTERNAL_LINK","index.html","Target linked 4 times on this page."
"tijuana-comparison.html","DUPLICATE_INTERNAL_LINK","index2.html","Target linked 2 times on this page."
"tijuana-comparison.html","DUPLICATE_INTERNAL_LINK","comparison.html","Target linked 3 times on this page."
"tijuana-comparison.html","DUPLICATE_INTERNAL_LINK","podcasts.html","Target linked 2 times on this page."
"tijuana-coworking-guide.html","DUPLICATE_INTERNAL_LINK","about.html","Target linked 2 times on this page."
"tijuana-coworking-guide.html","DUPLICATE_INTERNAL_LINK","index2.html","Target linked 6 times on this page."
"tijuana-coworking-guide.html","DUPLICATE_INTERNAL_LINK","comparison.html","Target linked 4 times on this page."
"tijuana-coworking-guide.html","DUPLICATE_INTERNAL_LINK","index.html","Target linked 5 times on this page."
"tijuana-podcast-proposal.html","DUPLICATE_INTERNAL_LINK","index.html","Target linked 5 times on this page."
"tijuana-podcast-proposal.html","DUPLICATE_INTERNAL_LINK","index2.html","Target linked 2 times on this page."
"tijuana-podcast-proposal.html","DUPLICATE_INTERNAL_LINK","comparison.html","Target linked 2 times on this page."
"tijuana-podcast-proposal.html","DUPLICATE_INTERNAL_LINK","about.html","Target linked 2 times on this page."
"tijuana-podcast-proposal.html","DUPLICATE_INTERNAL_LINK","podcasts.html","Target linked 3 times on this page."
"tirana-comparison.html","DUPLICATE_INTERNAL_LINK","index.html","Target linked 4 times on this page."
"tirana-comparison.html","DUPLICATE_INTERNAL_LINK","index2.html","Target linked 2 times on this page."
"tirana-comparison.html","DUPLICATE_INTERNAL_LINK","comparison.html","Target linked 3 times on this page."
"tirana-comparison.html","DUPLICATE_INTERNAL_LINK","podcasts.html","Target linked 2 times on this page."
"tirana-coworking-guide.html","DUPLICATE_INTERNAL_LINK","about.html","Target linked 2 times on this page."
"tirana-coworking-guide.html","DUPLICATE_INTERNAL_LINK","index2.html","Target linked 6 times on this page."
"tirana-coworking-guide.html","DUPLICATE_INTERNAL_LINK","comparison.html","Target linked 4 times on this page."
"tirana-coworking-guide.html","DUPLICATE_INTERNAL_LINK","index.html","Target linked 5 times on this page."
"tirana-podcast-proposal.html","DUPLICATE_INTERNAL_LINK","index.html","Target linked 5 times on this page."
"tirana-podcast-proposal.html","DUPLICATE_INTERNAL_LINK","index2.html","Target linked 2 times on this page."
"tirana-podcast-proposal.html","DUPLICATE_INTERNAL_LINK","comparison.html","Target linked 2 times on this page."
"tirana-podcast-proposal.html","DUPLICATE_INTERNAL_LINK","podcasts.html","Target linked 3 times on this page."
"tirana-podcast-proposal.html","DUPLICATE_INTERNAL_LINK","about.html","Target linked 2 times on this page."
"tokyo-comparison.html","DUPLICATE_INTERNAL_LINK","index.html","Target linked 4 times on this page."
"tokyo-comparison.html","DUPLICATE_INTERNAL_LINK","index2.html","Target linked 2 times on this page."
"tokyo-comparison.html","DUPLICATE_INTERNAL_LINK","comparison.html","Target linked 3 times on this page."
"tokyo-comparison.html","DUPLICATE_INTERNAL_LINK","podcasts.html","Target linked 2 times on this page."
"tokyo-podcast-proposal.html","BROKEN_LINK","regions/east-asia.html","Target HTML file does not exist in workspace."
"tokyo-podcast-proposal.html","DUPLICATE_INTERNAL_LINK","about.html","Target linked 2 times on this page."
"tokyo-podcast-proposal.html","DUPLICATE_INTERNAL_LINK","podcasts.html","Target linked 2 times on this page."
"tokyo-podcast-proposal.html","DUPLICATE_INTERNAL_LINK","index.html","Target linked 2 times on this page."
"tokyo-vs-barcelona-digital-nomad.html","DUPLICATE_INTERNAL_LINK","index.html","Target linked 3 times on this page."
"tokyo-vs-barcelona-digital-nomad.html","DUPLICATE_INTERNAL_LINK","index2.html","Target linked 2 times on this page."
"tokyo-vs-barcelona-digital-nomad.html","DUPLICATE_INTERNAL_LINK","comparison.html","Target linked 2 times on this page."
"tokyo-vs-barcelona-digital-nomad.html","DUPLICATE_INTERNAL_LINK","about.html","Target linked 2 times on this page."
"tokyo-vs-berlin-digital-nomad.html","DUPLICATE_INTERNAL_LINK","index.html","Target linked 3 times on this page."
"tokyo-vs-berlin-digital-nomad.html","DUPLICATE_INTERNAL_LINK","index2.html","Target linked 2 times on this page."
"tokyo-vs-berlin-digital-nomad.html","DUPLICATE_INTERNAL_LINK","comparison.html","Target linked 2 times on this page."
"tokyo-vs-berlin-digital-nomad.html","DUPLICATE_INTERNAL_LINK","about.html","Target linked 2 times on this page."
"tokyo-vs-tbilisi-digital-nomad.html","DUPLICATE_INTERNAL_LINK","index.html","Target linked 3 times on this page."
"tokyo-vs-tbilisi-digital-nomad.html","DUPLICATE_INTERNAL_LINK","index2.html","Target linked 2 times on this page."
"tokyo-vs-tbilisi-digital-nomad.html","DUPLICATE_INTERNAL_LINK","comparison.html","Target linked 2 times on this page."
"tokyo-vs-tbilisi-digital-nomad.html","DUPLICATE_INTERNAL_LINK","about.html","Target linked 2 times on this page."
"toronto-comparison.html","DUPLICATE_INTERNAL_LINK","index.html","Target linked 4 times on this page."
"toronto-comparison.html","DUPLICATE_INTERNAL_LINK","index2.html","Target linked 2 times on this page."
"toronto-comparison.html","DUPLICATE_INTERNAL_LINK","comparison.html","Target linked 3 times on this page."
"toronto-comparison.html","DUPLICATE_INTERNAL_LINK","podcasts.html","Target linked 2 times on this page."
"toronto-coworking-guide.html","DUPLICATE_INTERNAL_LINK","about.html","Target linked 2 times on this page."
"toronto-coworking-guide.html","DUPLICATE_INTERNAL_LINK","index2.html","Target linked 6 times on this page."
"toronto-coworking-guide.html","DUPLICATE_INTERNAL_LINK","comparison.html","Target linked 4 times on this page."
"toronto-coworking-guide.html","DUPLICATE_INTERNAL_LINK","index.html","Target linked 5 times on this page."
"toronto-podcast-proposal.html","BROKEN_LINK","regions/north-america.html","Target HTML file does not exist in workspace."
"toronto-podcast-proposal.html","DUPLICATE_INTERNAL_LINK","about.html","Target linked 2 times on this page."
"toronto-podcast-proposal.html","DUPLICATE_INTERNAL_LINK","podcasts.html","Target linked 2 times on this page."
"toronto-podcast-proposal.html","DUPLICATE_INTERNAL_LINK","index.html","Target linked 2 times on this page."
"tripoli-comparison.html","DUPLICATE_INTERNAL_LINK","index.html","Target linked 4 times on this page."
"tripoli-comparison.html","DUPLICATE_INTERNAL_LINK","index2.html","Target linked 2 times on this page."
"tripoli-comparison.html","DUPLICATE_INTERNAL_LINK","comparison.html","Target linked 3 times on this page."
"tripoli-comparison.html","DUPLICATE_INTERNAL_LINK","podcasts.html","Target linked 2 times on this page."
"tripoli-coworking-guide.html","DUPLICATE_INTERNAL_LINK","about.html","Target linked 2 times on this page."
"tripoli-coworking-guide.html","DUPLICATE_INTERNAL_LINK","index2.html","Target linked 6 times on this page."
"tripoli-coworking-guide.html","DUPLICATE_INTERNAL_LINK","comparison.html","Target linked 4 times on this page."
"tripoli-coworking-guide.html","DUPLICATE_INTERNAL_LINK","index.html","Target linked 5 times on this page."
"tripoli-podcast-proposal.html","DUPLICATE_INTERNAL_LINK","index.html","Target linked 5 times on this page."
"tripoli-podcast-proposal.html","DUPLICATE_INTERNAL_LINK","index2.html","Target linked 2 times on this page."
"tripoli-podcast-proposal.html","DUPLICATE_INTERNAL_LINK","comparison.html","Target linked 2 times on this page."
"tripoli-podcast-proposal.html","DUPLICATE_INTERNAL_LINK","about.html","Target linked 2 times on this page."
"tripoli-podcast-proposal.html","DUPLICATE_INTERNAL_LINK","podcasts.html","Target linked 3 times on this page."
"tucson-comparison.html","DUPLICATE_INTERNAL_LINK","index.html","Target linked 4 times on this page."
"tucson-comparison.html","DUPLICATE_INTERNAL_LINK","index2.html","Target linked 2 times on this page."
"tucson-comparison.html","DUPLICATE_INTERNAL_LINK","comparison.html","Target linked 3 times on this page."
"tucson-comparison.html","DUPLICATE_INTERNAL_LINK","podcasts.html","Target linked 2 times on this page."
"tucson-coworking-guide.html","DUPLICATE_INTERNAL_LINK","about.html","Target linked 2 times on this page."
"tucson-coworking-guide.html","DUPLICATE_INTERNAL_LINK","index2.html","Target linked 6 times on this page."
"tucson-coworking-guide.html","DUPLICATE_INTERNAL_LINK","comparison.html","Target linked 4 times on this page."
"tucson-coworking-guide.html","DUPLICATE_INTERNAL_LINK","index.html","Target linked 5 times on this page."
"tucson-podcast-proposal.html","DUPLICATE_INTERNAL_LINK","index.html","Target linked 5 times on this page."
"tucson-podcast-proposal.html","DUPLICATE_INTERNAL_LINK","index2.html","Target linked 2 times on this page."
"tucson-podcast-proposal.html","DUPLICATE_INTERNAL_LINK","about.html","Target linked 2 times on this page."
"tucson-podcast-proposal.html","DUPLICATE_INTERNAL_LINK","comparison.html","Target linked 2 times on this page."
"tucson-podcast-proposal.html","DUPLICATE_INTERNAL_LINK","podcasts.html","Target linked 3 times on this page."
"tulum-podcast-proposal.html","BROKEN_LINK","regions/north-america.html","Target HTML file does not exist in workspace."
"tulum-podcast-proposal.html","DUPLICATE_INTERNAL_LINK","about.html","Target linked 2 times on this page."
"tulum-podcast-proposal.html","DUPLICATE_INTERNAL_LINK","podcasts.html","Target linked 2 times on this page."
"tulum-podcast-proposal.html","DUPLICATE_INTERNAL_LINK","index.html","Target linked 2 times on this page."
"tunis-comparison.html","DUPLICATE_INTERNAL_LINK","index.html","Target linked 4 times on this page."
"tunis-comparison.html","DUPLICATE_INTERNAL_LINK","index2.html","Target linked 2 times on this page."
"tunis-comparison.html","DUPLICATE_INTERNAL_LINK","comparison.html","Target linked 3 times on this page."
"tunis-comparison.html","DUPLICATE_INTERNAL_LINK","podcasts.html","Target linked 2 times on this page."
"tunis-coworking-guide.html","DUPLICATE_INTERNAL_LINK","about.html","Target linked 2 times on this page."
"tunis-coworking-guide.html","DUPLICATE_INTERNAL_LINK","index2.html","Target linked 6 times on this page."
"tunis-coworking-guide.html","DUPLICATE_INTERNAL_LINK","comparison.html","Target linked 4 times on this page."
"tunis-coworking-guide.html","DUPLICATE_INTERNAL_LINK","index.html","Target linked 5 times on this page."
"tunis-podcast-proposal.html","BROKEN_LINK","regions/africa.html","Target HTML file does not exist in workspace."
"tunis-podcast-proposal.html","DUPLICATE_INTERNAL_LINK","about.html","Target linked 2 times on this page."
"tunis-podcast-proposal.html","DUPLICATE_INTERNAL_LINK","index.html","Target linked 2 times on this page."
"tunis-podcast-proposal.html","DUPLICATE_INTERNAL_LINK","podcasts.html","Target linked 2 times on this page."
"ulaanbaatar-comparison.html","DUPLICATE_INTERNAL_LINK","index.html","Target linked 4 times on this page."
"ulaanbaatar-comparison.html","DUPLICATE_INTERNAL_LINK","index2.html","Target linked 2 times on this page."
"ulaanbaatar-comparison.html","DUPLICATE_INTERNAL_LINK","comparison.html","Target linked 3 times on this page."
"ulaanbaatar-comparison.html","DUPLICATE_INTERNAL_LINK","podcasts.html","Target linked 2 times on this page."
"ulaanbaatar-coworking-guide.html","DUPLICATE_INTERNAL_LINK","index2.html","Target linked 6 times on this page."
"ulaanbaatar-coworking-guide.html","DUPLICATE_INTERNAL_LINK","bangkok-coworking-guide.html","Target linked 2 times on this page."
"ulaanbaatar-coworking-guide.html","DUPLICATE_INTERNAL_LINK","index.html","Target linked 5 times on this page."
"ulaanbaatar-coworking-guide.html","DUPLICATE_INTERNAL_LINK","comparison.html","Target linked 4 times on this page."
"ulaanbaatar-coworking-guide.html","DUPLICATE_INTERNAL_LINK","about.html","Target linked 2 times on this page."
"ulaanbaatar-podcast-proposal.html","DUPLICATE_INTERNAL_LINK","index.html","Target linked 5 times on this page."
"ulaanbaatar-podcast-proposal.html","DUPLICATE_INTERNAL_LINK","index2.html","Target linked 2 times on this page."
"ulaanbaatar-podcast-proposal.html","DUPLICATE_INTERNAL_LINK","comparison.html","Target linked 2 times on this page."
"ulaanbaatar-podcast-proposal.html","DUPLICATE_INTERNAL_LINK","about.html","Target linked 2 times on this page."
"ulaanbaatar-podcast-proposal.html","DUPLICATE_INTERNAL_LINK","podcasts.html","Target linked 3 times on this page."
"valencia-podcast-proposal.html","BROKEN_LINK","regions/western-europe.html","Target HTML file does not exist in workspace."
"valencia-podcast-proposal.html","DUPLICATE_INTERNAL_LINK","index.html","Target linked 2 times on this page."
"valencia-podcast-proposal.html","DUPLICATE_INTERNAL_LINK","podcasts.html","Target linked 2 times on this page."
"valletta-podcast-proposal.html","BROKEN_LINK","regions/western-europe.html","Target HTML file does not exist in workspace."
"valletta-podcast-proposal.html","DUPLICATE_INTERNAL_LINK","about.html","Target linked 2 times on this page."
"valletta-podcast-proposal.html","DUPLICATE_INTERNAL_LINK","podcasts.html","Target linked 2 times on this page."
"valletta-podcast-proposal.html","DUPLICATE_INTERNAL_LINK","index.html","Target linked 2 times on this page."
"vancouver-comparison.html","DUPLICATE_INTERNAL_LINK","index.html","Target linked 4 times on this page."
"vancouver-comparison.html","DUPLICATE_INTERNAL_LINK","index2.html","Target linked 2 times on this page."
"vancouver-comparison.html","DUPLICATE_INTERNAL_LINK","comparison.html","Target linked 3 times on this page."
"vancouver-comparison.html","DUPLICATE_INTERNAL_LINK","podcasts.html","Target linked 2 times on this page."
"vancouver-coworking-guide.html","DUPLICATE_INTERNAL_LINK","about.html","Target linked 2 times on this page."
"vancouver-coworking-guide.html","DUPLICATE_INTERNAL_LINK","index2.html","Target linked 6 times on this page."
"vancouver-coworking-guide.html","DUPLICATE_INTERNAL_LINK","comparison.html","Target linked 4 times on this page."
"vancouver-coworking-guide.html","DUPLICATE_INTERNAL_LINK","index.html","Target linked 5 times on this page."
"vancouver-podcast-proposal.html","BROKEN_LINK","regions/north-america.html","Target HTML file does not exist in workspace."
"vancouver-podcast-proposal.html","DUPLICATE_INTERNAL_LINK","about.html","Target linked 2 times on this page."
"vancouver-podcast-proposal.html","DUPLICATE_INTERNAL_LINK","podcasts.html","Target linked 2 times on this page."
"vancouver-podcast-proposal.html","DUPLICATE_INTERNAL_LINK","index.html","Target linked 2 times on this page."
"varna-podcast-proposal.html","BROKEN_LINK","regions/uk-eastern-europe.html","Target HTML file does not exist in workspace."
"varna-podcast-proposal.html","DUPLICATE_INTERNAL_LINK","about.html","Target linked 2 times on this page."
"varna-podcast-proposal.html","DUPLICATE_INTERNAL_LINK","podcasts.html","Target linked 2 times on this page."
"varna-podcast-proposal.html","DUPLICATE_INTERNAL_LINK","index.html","Target linked 2 times on this page."
"vienna-comparison.html","DUPLICATE_INTERNAL_LINK","index.html","Target linked 4 times on this page."
"vienna-comparison.html","DUPLICATE_INTERNAL_LINK","index2.html","Target linked 2 times on this page."
"vienna-comparison.html","DUPLICATE_INTERNAL_LINK","podcasts.html","Target linked 2 times on this page."
"vienna-comparison.html","DUPLICATE_INTERNAL_LINK","comparison.html","Target linked 3 times on this page."
"vienna-coworking-guide.html","DUPLICATE_INTERNAL_LINK","about.html","Target linked 2 times on this page."
"vienna-coworking-guide.html","DUPLICATE_INTERNAL_LINK","index2.html","Target linked 6 times on this page."
"vienna-coworking-guide.html","DUPLICATE_INTERNAL_LINK","comparison.html","Target linked 4 times on this page."
"vienna-coworking-guide.html","DUPLICATE_INTERNAL_LINK","index.html","Target linked 5 times on this page."
"vienna-podcast-proposal.html","BROKEN_LINK","regions/western-europe.html","Target HTML file does not exist in workspace."
"vienna-podcast-proposal.html","DUPLICATE_INTERNAL_LINK","about.html","Target linked 2 times on this page."
"vienna-podcast-proposal.html","DUPLICATE_INTERNAL_LINK","podcasts.html","Target linked 2 times on this page."
"vienna-podcast-proposal.html","DUPLICATE_INTERNAL_LINK","index.html","Target linked 2 times on this page."
"vientiane-comparison.html","DUPLICATE_INTERNAL_LINK","index.html","Target linked 4 times on this page."
"vientiane-comparison.html","DUPLICATE_INTERNAL_LINK","index2.html","Target linked 2 times on this page."
"vientiane-comparison.html","DUPLICATE_INTERNAL_LINK","comparison.html","Target linked 3 times on this page."
"vientiane-comparison.html","DUPLICATE_INTERNAL_LINK","podcasts.html","Target linked 2 times on this page."
"vientiane-coworking-guide.html","DUPLICATE_INTERNAL_LINK","about.html","Target linked 2 times on this page."
"vientiane-coworking-guide.html","DUPLICATE_INTERNAL_LINK","index2.html","Target linked 6 times on this page."
"vientiane-coworking-guide.html","DUPLICATE_INTERNAL_LINK","comparison.html","Target linked 4 times on this page."
"vientiane-coworking-guide.html","DUPLICATE_INTERNAL_LINK","index.html","Target linked 5 times on this page."
"vientiane-podcast-proposal.html","BROKEN_LINK","regions/southeast-asia.html","Target HTML file does not exist in workspace."
"vientiane-podcast-proposal.html","DUPLICATE_INTERNAL_LINK","about.html","Target linked 2 times on this page."
"vientiane-podcast-proposal.html","DUPLICATE_INTERNAL_LINK","podcasts.html","Target linked 2 times on this page."
"vientiane-podcast-proposal.html","DUPLICATE_INTERNAL_LINK","index.html","Target linked 2 times on this page."
"vilnius-comparison.html","DUPLICATE_INTERNAL_LINK","index.html","Target linked 4 times on this page."
"vilnius-comparison.html","DUPLICATE_INTERNAL_LINK","index2.html","Target linked 2 times on this page."
"vilnius-comparison.html","DUPLICATE_INTERNAL_LINK","comparison.html","Target linked 3 times on this page."
"vilnius-comparison.html","DUPLICATE_INTERNAL_LINK","podcasts.html","Target linked 2 times on this page."
"vilnius-coworking-guide.html","DUPLICATE_INTERNAL_LINK","about.html","Target linked 2 times on this page."
"vilnius-coworking-guide.html","DUPLICATE_INTERNAL_LINK","index2.html","Target linked 6 times on this page."
"vilnius-coworking-guide.html","DUPLICATE_INTERNAL_LINK","comparison.html","Target linked 4 times on this page."
"vilnius-coworking-guide.html","DUPLICATE_INTERNAL_LINK","index.html","Target linked 5 times on this page."
"vilnius-podcast-proposal.html","BROKEN_LINK","regions/uk-eastern-europe.html","Target HTML file does not exist in workspace."
"vilnius-podcast-proposal.html","DUPLICATE_INTERNAL_LINK","about.html","Target linked 2 times on this page."
"vilnius-podcast-proposal.html","DUPLICATE_INTERNAL_LINK","podcasts.html","Target linked 2 times on this page."
"vilnius-podcast-proposal.html","DUPLICATE_INTERNAL_LINK","index.html","Target linked 2 times on this page."
"warsaw-comparison.html","DUPLICATE_INTERNAL_LINK","index.html","Target linked 4 times on this page."
"warsaw-comparison.html","DUPLICATE_INTERNAL_LINK","index2.html","Target linked 2 times on this page."
"warsaw-comparison.html","DUPLICATE_INTERNAL_LINK","comparison.html","Target linked 3 times on this page."
"warsaw-comparison.html","DUPLICATE_INTERNAL_LINK","podcasts.html","Target linked 2 times on this page."
"warsaw-coworking-guide.html","DUPLICATE_INTERNAL_LINK","about.html","Target linked 2 times on this page."
"warsaw-coworking-guide.html","DUPLICATE_INTERNAL_LINK","index2.html","Target linked 6 times on this page."
"warsaw-coworking-guide.html","DUPLICATE_INTERNAL_LINK","comparison.html","Target linked 4 times on this page."
"warsaw-coworking-guide.html","DUPLICATE_INTERNAL_LINK","index.html","Target linked 5 times on this page."
"warsaw-podcast-proposal.html","BROKEN_LINK","regions/uk-eastern-europe.html","Target HTML file does not exist in workspace."
"warsaw-podcast-proposal.html","DUPLICATE_INTERNAL_LINK","about.html","Target linked 2 times on this page."
"warsaw-podcast-proposal.html","DUPLICATE_INTERNAL_LINK","podcasts.html","Target linked 2 times on this page."
"warsaw-podcast-proposal.html","DUPLICATE_INTERNAL_LINK","index.html","Target linked 2 times on this page."
"washington-dc-comparison.html","DUPLICATE_INTERNAL_LINK","index.html","Target linked 4 times on this page."
"washington-dc-comparison.html","DUPLICATE_INTERNAL_LINK","index2.html","Target linked 2 times on this page."
"washington-dc-comparison.html","DUPLICATE_INTERNAL_LINK","comparison.html","Target linked 3 times on this page."
"washington-dc-comparison.html","DUPLICATE_INTERNAL_LINK","podcasts.html","Target linked 2 times on this page."
"washington-dc-coworking-guide.html","DUPLICATE_INTERNAL_LINK","about.html","Target linked 2 times on this page."
"washington-dc-coworking-guide.html","DUPLICATE_INTERNAL_LINK","index2.html","Target linked 6 times on this page."
"washington-dc-coworking-guide.html","DUPLICATE_INTERNAL_LINK","comparison.html","Target linked 4 times on this page."
"washington-dc-coworking-guide.html","DUPLICATE_INTERNAL_LINK","index.html","Target linked 5 times on this page."
"washington-dc-podcast-proposal.html","DUPLICATE_INTERNAL_LINK","index.html","Target linked 5 times on this page."
"washington-dc-podcast-proposal.html","DUPLICATE_INTERNAL_LINK","index2.html","Target linked 2 times on this page."
"washington-dc-podcast-proposal.html","DUPLICATE_INTERNAL_LINK","comparison.html","Target linked 2 times on this page."
"washington-dc-podcast-proposal.html","DUPLICATE_INTERNAL_LINK","about.html","Target linked 2 times on this page."
"washington-dc-podcast-proposal.html","DUPLICATE_INTERNAL_LINK","podcasts.html","Target linked 3 times on this page."
"wellington-comparison.html","DUPLICATE_INTERNAL_LINK","index.html","Target linked 4 times on this page."
"wellington-comparison.html","DUPLICATE_INTERNAL_LINK","index2.html","Target linked 2 times on this page."
"wellington-comparison.html","DUPLICATE_INTERNAL_LINK","comparison.html","Target linked 3 times on this page."
"wellington-comparison.html","DUPLICATE_INTERNAL_LINK","podcasts.html","Target linked 2 times on this page."
"wellington-coworking-guide.html","DUPLICATE_INTERNAL_LINK","about.html","Target linked 2 times on this page."
"wellington-coworking-guide.html","DUPLICATE_INTERNAL_LINK","index2.html","Target linked 6 times on this page."
"wellington-coworking-guide.html","DUPLICATE_INTERNAL_LINK","comparison.html","Target linked 4 times on this page."
"wellington-coworking-guide.html","DUPLICATE_INTERNAL_LINK","index.html","Target linked 5 times on this page."
"wellington-podcast-proposal.html","DUPLICATE_INTERNAL_LINK","index.html","Target linked 5 times on this page."
"wellington-podcast-proposal.html","DUPLICATE_INTERNAL_LINK","index2.html","Target linked 2 times on this page."
"wellington-podcast-proposal.html","DUPLICATE_INTERNAL_LINK","comparison.html","Target linked 2 times on this page."
"wellington-podcast-proposal.html","DUPLICATE_INTERNAL_LINK","about.html","Target linked 2 times on this page."
"wellington-podcast-proposal.html","DUPLICATE_INTERNAL_LINK","podcasts.html","Target linked 3 times on this page."
"windhoek-podcast-proposal.html","BROKEN_LINK","regions/africa.html","Target HTML file does not exist in workspace."
"windhoek-podcast-proposal.html","DUPLICATE_INTERNAL_LINK","about.html","Target linked 2 times on this page."
"windhoek-podcast-proposal.html","DUPLICATE_INTERNAL_LINK","index.html","Target linked 2 times on this page."
"windhoek-podcast-proposal.html","DUPLICATE_INTERNAL_LINK","podcasts.html","Target linked 2 times on this page."
"winnipeg-comparison.html","DUPLICATE_INTERNAL_LINK","index.html","Target linked 4 times on this page."
"winnipeg-comparison.html","DUPLICATE_INTERNAL_LINK","index2.html","Target linked 2 times on this page."
"winnipeg-comparison.html","DUPLICATE_INTERNAL_LINK","comparison.html","Target linked 3 times on this page."
"winnipeg-comparison.html","DUPLICATE_INTERNAL_LINK","podcasts.html","Target linked 2 times on this page."
"winnipeg-coworking-guide.html","DUPLICATE_INTERNAL_LINK","about.html","Target linked 2 times on this page."
"winnipeg-coworking-guide.html","DUPLICATE_INTERNAL_LINK","index2.html","Target linked 6 times on this page."
"winnipeg-coworking-guide.html","DUPLICATE_INTERNAL_LINK","comparison.html","Target linked 4 times on this page."
"winnipeg-coworking-guide.html","DUPLICATE_INTERNAL_LINK","index.html","Target linked 5 times on this page."
"winnipeg-podcast-proposal.html","DUPLICATE_INTERNAL_LINK","index.html","Target linked 5 times on this page."
"winnipeg-podcast-proposal.html","DUPLICATE_INTERNAL_LINK","index2.html","Target linked 2 times on this page."
"winnipeg-podcast-proposal.html","DUPLICATE_INTERNAL_LINK","comparison.html","Target linked 2 times on this page."
"winnipeg-podcast-proposal.html","DUPLICATE_INTERNAL_LINK","about.html","Target linked 2 times on this page."
"winnipeg-podcast-proposal.html","DUPLICATE_INTERNAL_LINK","podcasts.html","Target linked 3 times on this page."
"wroclaw-podcast-proposal.html","BROKEN_LINK","regions/uk-eastern-europe.html","Target HTML file does not exist in workspace."
"wroclaw-podcast-proposal.html","DUPLICATE_INTERNAL_LINK","about.html","Target linked 2 times on this page."
"wroclaw-podcast-proposal.html","DUPLICATE_INTERNAL_LINK","podcasts.html","Target linked 2 times on this page."
"wroclaw-podcast-proposal.html","DUPLICATE_INTERNAL_LINK","index.html","Target linked 2 times on this page."
"yangon-comparison.html","DUPLICATE_INTERNAL_LINK","index.html","Target linked 4 times on this page."
"yangon-comparison.html","DUPLICATE_INTERNAL_LINK","index2.html","Target linked 2 times on this page."
"yangon-comparison.html","DUPLICATE_INTERNAL_LINK","comparison.html","Target linked 3 times on this page."
"yangon-comparison.html","DUPLICATE_INTERNAL_LINK","podcasts.html","Target linked 2 times on this page."
"yangon-coworking-guide.html","DUPLICATE_INTERNAL_LINK","index2.html","Target linked 6 times on this page."
"yangon-coworking-guide.html","DUPLICATE_INTERNAL_LINK","bangkok-coworking-guide.html","Target linked 2 times on this page."
"yangon-coworking-guide.html","DUPLICATE_INTERNAL_LINK","index.html","Target linked 5 times on this page."
"yangon-coworking-guide.html","DUPLICATE_INTERNAL_LINK","comparison.html","Target linked 4 times on this page."
"yangon-coworking-guide.html","DUPLICATE_INTERNAL_LINK","about.html","Target linked 2 times on this page."
"yangon-podcast-proposal.html","BROKEN_LINK","regions/southeast-asia.html","Target HTML file does not exist in workspace."
"yangon-podcast-proposal.html","DUPLICATE_INTERNAL_LINK","about.html","Target linked 2 times on this page."
"yangon-podcast-proposal.html","DUPLICATE_INTERNAL_LINK","podcasts.html","Target linked 2 times on this page."
"yangon-podcast-proposal.html","DUPLICATE_INTERNAL_LINK","index.html","Target linked 2 times on this page."
"yerevan-comparison.html","DUPLICATE_INTERNAL_LINK","index.html","Target linked 4 times on this page."
"yerevan-comparison.html","DUPLICATE_INTERNAL_LINK","index2.html","Target linked 2 times on this page."
"yerevan-comparison.html","DUPLICATE_INTERNAL_LINK","comparison.html","Target linked 3 times on this page."
"yerevan-comparison.html","DUPLICATE_INTERNAL_LINK","podcasts.html","Target linked 2 times on this page."
"yerevan-coworking-guide.html","DUPLICATE_INTERNAL_LINK","about.html","Target linked 2 times on this page."
"yerevan-coworking-guide.html","DUPLICATE_INTERNAL_LINK","index2.html","Target linked 6 times on this page."
"yerevan-coworking-guide.html","DUPLICATE_INTERNAL_LINK","comparison.html","Target linked 4 times on this page."
"yerevan-coworking-guide.html","DUPLICATE_INTERNAL_LINK","index.html","Target linked 5 times on this page."
"yerevan-podcast-proposal.html","BROKEN_LINK","regions/central-asia.html","Target HTML file does not exist in workspace."
"yerevan-podcast-proposal.html","DUPLICATE_INTERNAL_LINK","about.html","Target linked 2 times on this page."
"yerevan-podcast-proposal.html","DUPLICATE_INTERNAL_LINK","index.html","Target linked 2 times on this page."
"yerevan-podcast-proposal.html","DUPLICATE_INTERNAL_LINK","podcasts.html","Target linked 2 times on this page."
"zagreb-comparison.html","DUPLICATE_INTERNAL_LINK","index.html","Target linked 4 times on this page."
"zagreb-comparison.html","DUPLICATE_INTERNAL_LINK","index2.html","Target linked 2 times on this page."
"zagreb-comparison.html","DUPLICATE_INTERNAL_LINK","comparison.html","Target linked 3 times on this page."
"zagreb-comparison.html","DUPLICATE_INTERNAL_LINK","podcasts.html","Target linked 2 times on this page."
"zagreb-coworking-guide.html","DUPLICATE_INTERNAL_LINK","index.html","Target linked 5 times on this page."
"zagreb-coworking-guide.html","DUPLICATE_INTERNAL_LINK","index2.html","Target linked 6 times on this page."
"zagreb-coworking-guide.html","DUPLICATE_INTERNAL_LINK","budapest-coworking-guide.html","Target linked 2 times on this page."
"zagreb-coworking-guide.html","DUPLICATE_INTERNAL_LINK","comparison.html","Target linked 4 times on this page."
"zagreb-coworking-guide.html","DUPLICATE_INTERNAL_LINK","prague-coworking-guide.html","Target linked 2 times on this page."
"zagreb-podcast-proposal.html","BROKEN_LINK","regions/uk-eastern-europe.html","Target HTML file does not exist in workspace."
"zagreb-podcast-proposal.html","DUPLICATE_INTERNAL_LINK","about.html","Target linked 2 times on this page."
"zagreb-podcast-proposal.html","DUPLICATE_INTERNAL_LINK","podcasts.html","Target linked 2 times on this page."
"zagreb-podcast-proposal.html","DUPLICATE_INTERNAL_LINK","index.html","Target linked 2 times on this page."
"zanzibar-podcast-proposal.html","BROKEN_LINK","regions/africa.html","Target HTML file does not exist in workspace."
"zanzibar-podcast-proposal.html","DUPLICATE_INTERNAL_LINK","about.html","Target linked 2 times on this page."
"zanzibar-podcast-proposal.html","DUPLICATE_INTERNAL_LINK","index.html","Target linked 2 times on this page."
"zanzibar-podcast-proposal.html","DUPLICATE_INTERNAL_LINK","podcasts.html","Target linked 2 times on this page."
"zurich-comparison.html","DUPLICATE_INTERNAL_LINK","index.html","Target linked 4 times on this page."
"zurich-comparison.html","DUPLICATE_INTERNAL_LINK","index2.html","Target linked 2 times on this page."
"zurich-comparison.html","DUPLICATE_INTERNAL_LINK","comparison.html","Target linked 3 times on this page."
"zurich-comparison.html","DUPLICATE_INTERNAL_LINK","podcasts.html","Target linked 2 times on this page."
"zurich-coworking-guide.html","DUPLICATE_INTERNAL_LINK","about.html","Target linked 2 times on this page."
"zurich-coworking-guide.html","DUPLICATE_INTERNAL_LINK","index2.html","Target linked 6 times on this page."
"zurich-coworking-guide.html","DUPLICATE_INTERNAL_LINK","comparison.html","Target linked 4 times on this page."
"zurich-coworking-guide.html","DUPLICATE_INTERNAL_LINK","index.html","Target linked 5 times on this page."
"zurich-podcast-proposal.html","BROKEN_LINK","regions/western-europe.html","Target HTML file does not exist in workspace."
"zurich-podcast-proposal.html","DUPLICATE_INTERNAL_LINK","about.html","Target linked 2 times on this page."
"zurich-podcast-proposal.html","DUPLICATE_INTERNAL_LINK","podcasts.html","Target linked 2 times on this page."
"zurich-podcast-proposal.html","DUPLICATE_INTERNAL_LINK","index.html","Target linked 2 times on this page."
"africa.html","BROKEN_LINK","../index.html","Target HTML file does not exist in workspace."
"africa.html","BROKEN_LINK","../hub.html","Target HTML file does not exist in workspace."
"africa.html","BROKEN_LINK","../compare.html","Target HTML file does not exist in workspace."
"africa.html","BROKEN_LINK","../compare.html","Target HTML file does not exist in workspace."
"africa.html","DUPLICATE_INTERNAL_LINK","../compare.html","Target linked 2 times on this page."
"central-asia.html","BROKEN_LINK","../index.html","Target HTML file does not exist in workspace."
"central-asia.html","BROKEN_LINK","../hub.html","Target HTML file does not exist in workspace."
"central-asia.html","BROKEN_LINK","../compare.html","Target HTML file does not exist in workspace."
"central-asia.html","BROKEN_LINK","../compare.html","Target HTML file does not exist in workspace."
"central-asia.html","DUPLICATE_INTERNAL_LINK","../compare.html","Target linked 2 times on this page."
"east-asia.html","BROKEN_LINK","../index.html","Target HTML file does not exist in workspace."
"east-asia.html","BROKEN_LINK","../hub.html","Target HTML file does not exist in workspace."
"east-asia.html","BROKEN_LINK","../compare.html","Target HTML file does not exist in workspace."
"east-asia.html","BROKEN_LINK","../compare.html","Target HTML file does not exist in workspace."
"east-asia.html","DUPLICATE_INTERNAL_LINK","../compare.html","Target linked 2 times on this page."
"europe.html","BROKEN_LINK","../index.html","Target HTML file does not exist in workspace."
"europe.html","BROKEN_LINK","../hub.html","Target HTML file does not exist in workspace."
"europe.html","BROKEN_LINK","../compare.html","Target HTML file does not exist in workspace."
"europe.html","BROKEN_LINK","../lisbon-podcast-proposal.html","Target HTML file does not exist in workspace."
"europe.html","BROKEN_LINK","../barcelona-podcast-proposal.html","Target HTML file does not exist in workspace."
"europe.html","BROKEN_LINK","../berlin-podcast-proposal.html","Target HTML file does not exist in workspace."
"europe.html","BROKEN_LINK","../tbilisi-podcast-proposal.html","Target HTML file does not exist in workspace."
"europe.html","BROKEN_LINK","../lisbon-vs-barcelona-digital-nomad.html","Target HTML file does not exist in workspace."
"europe.html","BROKEN_LINK","../lisbon-vs-berlin-digital-nomad.html","Target HTML file does not exist in workspace."
"europe.html","BROKEN_LINK","../barcelona-vs-berlin-digital-nomad.html","Target HTML file does not exist in workspace."
"latin-america.html","BROKEN_LINK","../index.html","Target HTML file does not exist in workspace."
"latin-america.html","BROKEN_LINK","../hub.html","Target HTML file does not exist in workspace."
"latin-america.html","BROKEN_LINK","../compare.html","Target HTML file does not exist in workspace."
"latin-america.html","BROKEN_LINK","../medellin-podcast-proposal.html","Target HTML file does not exist in workspace."
"latin-america.html","BROKEN_LINK","../mexico-city-podcast-proposal.html","Target HTML file does not exist in workspace."
"latin-america.html","BROKEN_LINK","../medellin-vs-mexico-city-digital-nomad.html","Target HTML file does not exist in workspace."
"middle-east.html","BROKEN_LINK","../index.html","Target HTML file does not exist in workspace."
"middle-east.html","BROKEN_LINK","../hub.html","Target HTML file does not exist in workspace."
"middle-east.html","BROKEN_LINK","../compare.html","Target HTML file does not exist in workspace."
"middle-east.html","BROKEN_LINK","../compare.html","Target HTML file does not exist in workspace."
"middle-east.html","DUPLICATE_INTERNAL_LINK","../compare.html","Target linked 2 times on this page."
"north-america.html","BROKEN_LINK","../index.html","Target HTML file does not exist in workspace."
"north-america.html","BROKEN_LINK","../hub.html","Target HTML file does not exist in workspace."
"north-america.html","BROKEN_LINK","../compare.html","Target HTML file does not exist in workspace."
"north-america.html","BROKEN_LINK","../compare.html","Target HTML file does not exist in workspace."
"north-america.html","DUPLICATE_INTERNAL_LINK","../compare.html","Target linked 2 times on this page."
"south-america.html","BROKEN_LINK","../index.html","Target HTML file does not exist in workspace."
"south-america.html","BROKEN_LINK","../hub.html","Target HTML file does not exist in workspace."
"south-america.html","BROKEN_LINK","../compare.html","Target HTML file does not exist in workspace."
"south-america.html","BROKEN_LINK","../compare.html","Target HTML file does not exist in workspace."
"south-america.html","DUPLICATE_INTERNAL_LINK","../compare.html","Target linked 2 times on this page."
"south-asia.html","BROKEN_LINK","../index.html","Target HTML file does not exist in workspace."
"south-asia.html","BROKEN_LINK","../hub.html","Target HTML file does not exist in workspace."
"south-asia.html","BROKEN_LINK","../compare.html","Target HTML file does not exist in workspace."
"south-asia.html","BROKEN_LINK","../compare.html","Target HTML file does not exist in workspace."
"south-asia.html","DUPLICATE_INTERNAL_LINK","../compare.html","Target linked 2 times on this page."
"southeast-asia.html","BROKEN_LINK","../index.html","Target HTML file does not exist in workspace."
"southeast-asia.html","BROKEN_LINK","../hub.html","Target HTML file does not exist in workspace."
"southeast-asia.html","BROKEN_LINK","../compare.html","Target HTML file does not exist in workspace."
"southeast-asia.html","BROKEN_LINK","../bangkok-podcast-proposal.html","Target HTML file does not exist in workspace."
"southeast-asia.html","BROKEN_LINK","../chiang-mai-podcast-proposal.html","Target HTML file does not exist in workspace."
"southeast-asia.html","BROKEN_LINK","../bali-podcast-proposal.html","Target HTML file does not exist in workspace."
"southeast-asia.html","BROKEN_LINK","../bangkok-vs-chiang-mai-digital-nomad.html","Target HTML file does not exist in workspace."
"southeast-asia.html","BROKEN_LINK","../bangkok-vs-bali-digital-nomad.html","Target HTML file does not exist in workspace."
"uk-eastern-europe.html","BROKEN_LINK","../index.html","Target HTML file does not exist in workspace."
"uk-eastern-europe.html","BROKEN_LINK","../hub.html","Target HTML file does not exist in workspace."
"uk-eastern-europe.html","BROKEN_LINK","../compare.html","Target HTML file does not exist in workspace."
"uk-eastern-europe.html","BROKEN_LINK","../compare.html","Target HTML file does not exist in workspace."
"uk-eastern-europe.html","DUPLICATE_INTERNAL_LINK","../compare.html","Target linked 2 times on this page."
"western-europe.html","BROKEN_LINK","../index.html","Target HTML file does not exist in workspace."
"western-europe.html","BROKEN_LINK","../hub.html","Target HTML file does not exist in workspace."
"western-europe.html","BROKEN_LINK","../compare.html","Target HTML file does not exist in workspace."
"western-europe.html","BROKEN_LINK","../compare.html","Target HTML file does not exist in workspace."
"western-europe.html","DUPLICATE_INTERNAL_LINK","../compare.html","Target linked 2 times on this page."
